,0
0,pizza
1,food
2,sauce
3,cheese
4,salad
5,delicious
6,menu
7,chicken
8,beer
9,table
10,drink
11,topping
12,bread
13,slice
14,wing
15,dinner
16,meal
17,taste
18,side
19,pasta
20,lunch
21,dish
22,bit
23,pepperoni
24,special
25,sandwich
26,pie
27,meatball
28,wine
29,sausage
30,garlic
31,appetizer
32,meat
33,tomato
34,burger
35,ingredient
36,mushroom
37,pepper
38,sweet
39,portion
40,dough
41,dessert
42,must
43,dressing
44,onion
45,soup
46,steak
47,bite
48,white
49,piece
50,plate
51,bacon
52,game
53,olive
54,sub
55,mozzarella
56,buffalo
57,hoagie
58,green
59,water
60,joint
61,cut
62,potato
63,entree
64,veggie
65,stick
66,oil
67,cream
68,course
69,roll
70,shrimp
71,parmesan
72,spinach
73,date
74,beef
75,fish
76,egg
77,ice
78,split
79,gluten
80,brunch
81,marinara
82,lettuce
83,breadstick
84,hoagy
85,cake
86,spaghetti
87,breakfast
88,pork
89,cocktail
90,crisp
91,basil
92,chip
93,lasagna
94,gyro
95,butter
96,eggplant
97,ravioli
98,gnocchi
99,serving
100,pesto
101,taco
102,gem
103,chocolate
104,dog
105,filling
106,dip
107,takeout
108,cup
109,treat
110,draft
111,coffee
112,ricotta
113,soda
114,mix
115,calamari
116,rib
117,vegetable
118,salt
119,artichoke
120,margarita
121,seafood
122,salmon
123,prosciutto
124,bean
125,spice
126,lemon
127,center
128,honey
129,veal
130,crab
131,heart
132,noodle
133,pop
134,bun
135,banana
136,mess
137,tiramisu
138,brew
139,seasoning
140,buffet
141,wrap
142,lobster
143,round
144,cider
145,sprout
146,zucchini
147,tea
148,rock
149,feed
150,broccoli
151,board
152,ham
153,ale
154,donut
155,turkey
156,risotto
157,host
158,beverage
159,pretzel
160,nacho
161,penne
162,cheesecake
163,toast
164,lamb
165,mussel
166,fare
167,pickle
168,apple
169,clam
170,vodka
171,section
172,chili
173,pita
174,rice
175,cherry
176,flatbread
177,snack
178,gravy
179,sugar
180,marsala
181,cauliflower
182,sour
183,herb
184,cookie
185,edible
186,scallop
187,starter
188,pineapple
189,hummus
190,savory
191,corn
192,iceberg
193,cooky
194,ketchup
195,alcohol
196,beet
197,eater
198,scratch
199,carbonara
200,truffle
201,tuna
202,cucumber
203,mayo
204,cuisine
205,spread
206,cheddar
207,cinnamon
208,vinaigrette
209,mustard
210,frank
211,waffle
212,peanut
213,rigatoni
214,eats
215,coke
216,orange
217,fig
218,helping
219,antipasto
220,strawberry
221,juice
222,patty
223,pancake
224,wheat
225,salami
226,cheeseburger
227,curd
228,wedge
229,breast
230,diet
231,skin
232,salsa
233,chop
234,slaw
235,roast
236,chew
237,stout
238,cracker
239,fettuccine
240,avocado
241,carrot
242,vinegar
243,gorgonzola
244,cooler
245,squash
246,jam
247,anchovy
248,liquor
249,grape
250,grub
251,asparagus
252,pistachio
253,sangria
254,walnut
255,tater
256,leg
257,rosemary
258,candy
259,jalapeno
260,duck
261,bisque
262,oregano
263,falafel
264,bitter
265,brisket
266,pastry
267,milk
268,coleslaw
269,polenta
270,generic
271,loaf
272,almond
273,pumpkin
274,flour
275,hamburger
276,martini
277,ginger
278,broth
279,chorizo
280,chipotle
281,reuben
282,linguine
283,crouton
284,blueberry
285,kale
286,brownie
287,lemonade
288,ziti
289,espresso
290,whiskey
291,blt
292,brioche
293,jack
294,sushi
295,pudding
296,macaroni
297,pear
298,barbecue
299,bleu
300,vanilla
301,dumpling
302,chuck
303,bourbon
304,tortilla
305,syrup
306,aioli
307,filet
308,supper
309,raspberry
310,punch
311,crumb
312,condiment
313,cole
314,tortellini
315,cranberry
316,fennel
317,cod
318,pepsi
319,linguini
320,fryer
321,mixture
322,pea
323,biscuit
324,peach
325,coconut
326,jerk
327,manicotti
328,grinder
329,hash
330,romaine
331,butternut
332,lime
333,doughnut
334,produce
335,brat
336,tofu
337,berry
338,sucker
339,caramel
340,guacamole
341,glaze
342,celery
343,tart
344,pecan
345,batter
346,omelet
347,croissant
348,omelette
349,pastrami
350,chowder
351,muffin
352,picnic
353,shake
354,bagel
355,quesadilla
356,feast
357,cornbread
358,shoulder
359,octopus
360,stock
361,booze
362,mimosa
363,curry
364,bubbly
365,vintage
366,popcorn
367,mango
368,baklava
369,baba
370,porter
371,rose
372,perch
373,confit
374,champagne
375,western
376,mousse
377,mint
378,horseradish
379,rack
380,meatloaf
381,grain
382,oyster
383,brie
384,sake
385,icing
386,tagliatelle
387,veg
388,stuffing
389,caper
390,paste
391,hotdog
392,manhattan
393,burrito
394,gouda
395,kabob
396,chianti
397,cupcake
398,dietary
399,quiche
400,latte
401,cilantro
402,cabbage
403,irish
404,cappuccino
405,hazelnut
406,jambalaya
407,chilly
408,yogurt
409,goody
410,dill
411,snap
412,rabbit
413,fettuccini
414,flavoring
415,concoction
416,flip
417,plum
418,lasagne
419,napoleon
420,crepe
421,rum
422,puff
423,doughboy
424,fritter
425,gin
426,bird
427,banquet
428,sage
429,cornmeal
430,tongue
431,squid
432,mush
433,citrus
434,parsley
435,clove
436,teriyaki
437,scampi
438,lentil
439,tequila
440,chile
441,goose
442,rye
443,chickpea
444,neck
445,cutlet
446,soy
447,milkshake
448,macaroon
449,hero
450,bass
451,yolk
452,tempura
453,oreo
454,sauerkraut
455,slop
456,mascarpone
457,kebab
458,dope
459,mayonnaise
460,hollandaise
461,lager
462,hay
463,luncheon
464,cannelloni
465,brain
466,cordial
467,mold
468,murphy
469,escarole
470,casserole
471,custard
472,barley
473,relish
474,garnish
475,scallion
476,kosher
477,baguette
478,sundae
479,cabernet
480,peppercorn
481,frosting
482,turnover
483,perry
484,whip
485,mate
486,breadcrumb
487,scotch
488,grapefruit
489,mocha
490,grouper
491,sirloin
492,tenderloin
