,Word
0,acceptable
1,actively
2,adequate
3,adorable
4,adventurous
5,affordable
6,alive
7,alright
8,amazing
9,appreciate
10,appreciated
11,appreciation
12,attractive
13,awesome
14,beautiful
15,beautifully
16,beauty
17,beloved
18,best
19,better
20,bright
21,brilliant
22,care
23,caring
24,casual
25,celebrate
26,celebrated
27,celebrating
28,certainly
29,charm
30,charming
31,cheap
32,cheer
33,cheerful
34,chic
35,classy
36,clean
37,clearly
38,clever
39,comfort
40,comfortable
41,comforting
42,compliment
43,complimentary
44,complimented
45,confident
46,cool
47,courteous
48,courtesy
49,creative
50,curious
51,cute
52,definitely
53,delectable
54,delicious
55,deliciously
56,deliciousness
57,delight
58,delighted
59,delightful
60,delightfully
61,divine
62,easier
63,easily
64,easy
65,efficient
66,efficiently
67,elegant
68,energetic
69,enjoy
70,enjoyable
71,enjoyed
72,enjoying
73,enjoys
74,entertaining
75,enthusiasm
76,enthusiastic
77,excellent
78,excited
79,excitement
80,fabulous
81,fan
82,fantastic
83,fav
84,fave
85,favor
86,favorable
87,favorite
88,fine
89,fit
90,flawless
91,fond
92,fortunate
93,free
94,fresh
95,friendlier
96,friendliest
97,friendly
98,fun
99,funny
100,generous
101,generously
102,gift
103,glad
104,glorious
105,good
106,goodness
107,gorgeous
108,grace
109,gracious
110,graciously
111,grand
112,grateful
113,great
114,greater
115,greatest
116,greet
117,greeted
118,greeting
119,ha
120,haha
121,hand
122,happier
123,happily
124,happiness
125,happy
126,healthy
127,heaven
128,heavenly
129,helpful
130,helping
131,highlight
132,hilarious
133,honest
134,honestly
135,hope
136,hopeful
137,hopefully
138,hoping
139,huge
140,ideal
141,importantly
142,impressed
143,impression
144,impressive
145,improved
146,innovative
147,interested
148,interesting
149,inviting
150,joy
151,kind
152,kindly
153,laugh
154,laughing
155,like
156,liked
157,liking
158,lively
159,lol
160,love
161,loved
162,lovely
163,lover
164,loving
165,loyal
166,luck
167,luckily
168,lucky
169,magnificent
170,masterpiece
171,miracle
172,neat
173,nice
174,nicely
175,nicer
176,nicest
177,ok
178,okay
179,opportunity
180,original
181,outstanding
182,party
183,passion
184,passionate
185,perfect
186,perfection
187,perfectly
188,pleasant
189,pleasantly
190,please
191,pleased
192,pleaser
193,pleasing
194,pleasure
195,popular
196,positive
197,praise
198,pretty
199,pride
200,promising
201,proud
202,recommend
203,recommended
204,relaxed
205,relaxing
206,remarkable
207,respect
208,respectable
209,respectful
210,responsible
211,romantic
212,safe
213,satisfaction
214,satisfactory
215,satisfied
216,satisfy
217,satisfying
218,scrumptious
219,sexy
220,significant
221,sincerely
222,smart
223,smile
224,smiled
225,smiling
226,sparkling
227,straight
228,strong
229,substantial
230,succeed
231,success
232,successful
233,super
234,superb
235,superior
236,supreme
237,surprising
238,surprisingly
239,sweet
240,sweetness
241,terrific
242,thank
243,thankful
244,thankfully
245,thanks
246,thoughtful
247,thrilled
248,top
249,truly
250,unbelievable
251,vibrant
252,warm
253,warmed
254,warmer
255,warmly
256,warmth
257,welcome
258,welcomed
259,welcoming
260,winner
261,winning
262,wise
263,wish
264,wonderful
265,wonderfully
266,worth
267,worthy
268,wow
269,wowed
270,yay
271,yummy
