,Word,Frequency
0,wa,127431
1,pizza,98236
2,good,40352
3,place,37016
4,food,35068
5,great,29869
6,time,27434
7,like,22265
8,order,21401
9,one,20728
10,service,20093
11,get,19869
12,would,19830
13,ordered,17633
14,back,17540
15,sauce,16660
16,go,16263
17,cheese,16251
18,really,16040
19,also,14279
20,best,13750
21,salad,13206
22,crust,12985
23,got,12914
24,restaurant,12756
25,delicious,11609
26,nice,11547
27,always,11319
28,ha,11152
29,love,11046
30,try,10716
31,well,10531
32,could,10488
33,even,10303
34,little,10181
35,menu,10096
36,make,9741
37,never,9612
38,chicken,9583
39,bar,9580
40,beer,9572
41,table,9476
42,minute,9191
43,come,8879
44,first,8771
45,definitely,8744
46,came,8686
47,fresh,8509
48,friendly,8483
49,night,8413
50,staff,8205
51,wait,8198
52,price,7969
53,pretty,7914
54,italian,7780
55,much,7763
56,drink,7683
57,people,7614
58,better,7589
59,made,7478
60,take,7398
61,amazing,7376
62,two,7320
63,said,7314
64,went,7313
65,eat,7261
66,topping,7149
67,delivery,7061
68,thing,7027
69,say,7021
70,way,6940
71,area,6924
72,bread,6844
73,favorite,6808
74,ever,6752
75,slice,6736
76,wing,6622
77,know,6586
78,experience,6568
79,hour,6531
80,dinner,6502
81,right,6395
82,meal,6249
83,lot,6234
84,want,6204
85,still,6154
86,small,6096
87,think,6082
88,give,6064
89,friend,6033
90,going,6001
91,taste,5996
92,star,5924
93,day,5922
94,side,5897
95,new,5868
96,server,5857
97,large,5855
98,pasta,5814
99,flavor,5767
100,tried,5750
101,around,5695
102,recommend,5627
103,sure,5611
104,bad,5505
105,ca,5431
106,lunch,5426
107,dish,5409
108,bit,5363
109,year,5357
110,customer,5317
111,told,5296
112,pepperoni,5270
113,special,5247
114,many,5204
115,review,5193
116,sandwich,5192
117,family,5185
118,last,5171
119,everything,5132
120,since,5113
121,another,5093
122,pie,5083
123,took,5078
124,excellent,5067
125,location,5014
126,next,4992
127,every,4923
128,though,4920
129,hot,4916
130,something,4872
131,atmosphere,4870
132,asked,4705
133,quality,4682
134,home,4649
135,worth,4595
136,fry,4590
137,long,4562
138,awesome,4539
139,option,4491
140,enough,4464
141,perfect,4422
142,called,4329
143,meatball,4327
144,half,4324
145,tasty,4282
146,waitress,4225
147,thin,4150
148,see,4142
149,nothing,4140
150,wine,4059
151,different,4028
152,big,4028
153,find,4006
154,top,3892
155,selection,3887
156,visit,3862
157,doe,3848
158,super,3835
159,need,3790
160,pittsburgh,3785
161,however,3679
162,happy,3653
163,sausage,3619
164,busy,3588
165,probably,3540
166,feel,3534
167,garlic,3521
168,work,3506
169,looking,3485
170,wanted,3476
171,huge,3468
172,away,3464
173,appetizer,3463
174,meat,3461
175,tomato,3421
176,look,3409
177,ordering,3370
178,cooked,3365
179,spot,3362
180,overall,3353
181,burger,3347
182,guy,3337
183,ingredient,3331
184,disappointed,3314
185,call,3290
186,owner,3265
187,house,3231
188,cold,3225
189,style,3214
190,put,3210
191,local,3182
192,kind,3180
193,manager,3159
194,tasted,3143
195,enjoyed,3132
196,maybe,3128
197,mushroom,3102
198,husband,3089
199,kid,3089
200,pepper,3086
201,sweet,3058
202,eating,3054
203,anything,3045
204,actually,3037
205,open,3019
206,check,3018
207,thought,3017
208,else,2982
209,business,2979
210,decided,2977
211,fantastic,2972
212,usually,2964
213,portion,2951
214,everyone,2938
215,loved,2935
216,town,2922
217,left,2905
218,extra,2875
219,let,2869
220,decent,2869
221,dining,2864
222,oven,2857
223,quite,2847
224,old,2826
225,found,2826
226,wrong,2819
227,dough,2793
228,room,2789
229,used,2782
230,full,2771
231,couple,2767
232,free,2757
233,quick,2719
234,crispy,2718
235,tell,2715
236,party,2712
237,inside,2711
238,fast,2697
239,ask,2690
240,almost,2690
241,phone,2685
242,getting,2657
243,wife,2643
244,without,2638
245,week,2636
246,looked,2633
247,served,2633
248,outside,2629
249,pick,2626
250,coming,2616
251,dessert,2613
252,waiting,2608
253,wo,2605
254,done,2599
255,absolutely,2594
256,high,2586
257,highly,2581
258,hard,2580
259,stop,2544
260,enjoy,2542
261,red,2538
262,three,2538
263,finally,2538
264,far,2516
265,second,2499
266,choice,2492
267,item,2464
268,size,2453
269,least,2453
270,arrived,2437
271,ok,2425
272,group,2417
273,gave,2404
274,cleveland,2401
275,wonderful,2367
276,must,2362
277,dressing,2361
278,amount,2354
279,whole,2350
280,especially,2344
281,point,2335
282,onion,2328
283,later,2316
284,soup,2287
285,steak,2275
286,waited,2272
287,bite,2261
288,either,2257
289,door,2257
290,hand,2247
291,white,2241
292,trying,2232
293,use,2226
294,keep,2207
295,piece,2200
296,bartender,2199
297,stopped,2198
298,late,2196
299,seated,2172
300,plate,2159
301,yet,2155
302,seemed,2146
303,homemade,2136
304,offer,2136
305,close,2126
306,money,2122
307,clean,2115
308,seating,2114
309,person,2112
310,may,2110
311,bacon,2090
312,live,2085
313,ready,2078
314,part,2076
315,deal,2075
316,someone,2065
317,game,2063
318,average,2062
319,care,2061
320,several,2055
321,fan,2052
322,sat,2048
323,regular,2039
324,ate,2031
325,le,2026
326,glass,2012
327,kitchen,2001
328,shop,1999
329,return,1986
330,reason,1978
331,delivered,1978
332,instead,1974
333,wish,1971
334,fried,1969
335,perfectly,1969
336,today,1966
337,madison,1963
338,fun,1942
339,street,1940
340,terrible,1938
341,attentive,1930
342,sit,1924
343,brought,1923
344,parking,1921
345,olive,1916
346,rude,1910
347,sub,1906
348,mozzarella,1885
349,real,1876
350,bring,1873
351,liked,1869
352,cool,1868
353,employee,1864
354,buffalo,1856
355,saturday,1856
356,extremely,1853
357,spicy,1848
358,list,1840
359,friday,1839
360,hoagie,1835
361,end,1829
362,warm,1824
363,evening,1816
364,greasy,1805
365,green,1803
366,started,1798
367,although,1795
368,oh,1795
369,making,1793
370,water,1784
371,joint,1783
372,pay,1779
373,okay,1778
374,seems,1770
375,cut,1766
376,light,1759
377,fine,1751
378,name,1750
379,might,1744
380,ago,1730
381,potato,1729
382,cheap,1719
383,problem,1715
384,online,1712
385,entree,1712
386,store,1710
387,past,1705
388,expect,1702
389,chain,1694
390,often,1692
391,walked,1687
392,veggie,1687
393,waiter,1683
394,front,1678
395,deep,1677
396,yes,1675
397,start,1670
398,worst,1657
399,stick,1647
400,able,1644
401,line,1641
402,thick,1641
403,tonight,1628
404,soon,1624
405,plus,1623
406,walk,1593
407,reasonable,1592
408,slow,1587
409,reservation,1584
410,oil,1580
411,quickly,1580
412,felt,1577
413,eaten,1571
414,mean,1566
415,month,1564
416,variety,1562
417,driver,1554
418,plenty,1549
419,patio,1549
420,deliver,1530
421,add,1520
422,impressed,1514
423,issue,1513
424,given,1508
425,counter,1501
426,type,1489
427,heard,1474
428,min,1470
429,cream,1470
430,sitting,1468
431,box,1467
432,yelp,1466
433,bland,1463
434,leave,1459
435,flavorful,1455
436,sunday,1454
437,fact,1449
438,city,1440
439,dry,1439
440,course,1437
441,simple,1427
442,roll,1424
443,space,1423
444,ended,1422
445,card,1415
446,anyone,1413
447,serve,1413
448,unique,1413
449,twice,1411
450,seem,1409
451,horrible,1404
452,four,1397
453,tip,1395
454,priced,1392
455,weekend,1386
456,sometimes,1380
457,received,1378
458,working,1377
459,ranch,1375
460,neighborhood,1363
461,rather,1349
462,complaint,1348
463,entire,1338
464,drive,1326
465,needed,1325
466,believe,1322
467,change,1316
468,bottle,1308
469,guess,1303
470,shrimp,1301
471,bill,1298
472,recently,1289
473,establishment,1287
474,seat,1287
475,hungry,1285
476,soggy,1284
477,decor,1282
478,yummy,1281
479,expensive,1275
480,hit,1275
481,saw,1275
482,parmesan,1272
483,girl,1271
484,cook,1265
485,already,1265
486,life,1262
487,chicago,1262
488,spinach,1257
489,downtown,1253
490,others,1246
491,job,1246
492,surprised,1243
493,opened,1243
494,authentic,1236
495,completely,1234
496,run,1232
497,baked,1230
498,show,1227
499,trip,1227
500,date,1226
501,medium,1224
502,solid,1223
503,burnt,1222
504,stuffed,1216
505,choose,1216
506,specialty,1215
507,mind,1215
508,expected,1215
509,beef,1211
510,helpful,1206
511,offered,1205
512,glad,1203
513,hope,1197
514,fish,1188
515,floor,1188
516,gone,1185
517,poor,1179
518,easy,1175
519,please,1174
520,egg,1169
521,added,1168
522,honestly,1163
523,ice,1162
524,vegan,1161
525,plain,1161
526,near,1159
527,split,1159
528,soft,1156
529,coupon,1154
530,gluten,1153
531,boyfriend,1152
532,five,1150
533,calzone,1150
534,taking,1149
535,chef,1142
536,man,1134
537,help,1134
538,remember,1134
539,brunch,1131
540,chewy,1126
541,unfortunately,1125
542,understand,1125
543,literally,1122
544,seriously,1121
545,italy,1120
546,marinara,1120
547,pleasant,1119
548,cheesy,1118
549,world,1113
550,lettuce,1111
551,standard,1111
552,packed,1109
553,loud,1108
554,breadstick,1107
555,hoagy,1101
556,together,1100
557,hostess,1097
558,slightly,1097
559,wood,1096
560,cake,1096
561,rest,1095
562,music,1094
563,prepared,1093
564,spaghetti,1090
565,available,1087
566,charge,1086
567,thank,1086
568,breakfast,1085
569,along,1083
570,placed,1081
571,pork,1080
572,longer,1080
573,short,1079
574,giving,1079
575,chance,1079
576,saying,1079
577,bbq,1077
578,across,1075
579,wow,1064
580,paid,1061
581,behind,1060
582,cocktail,1054
583,number,1054
584,main,1050
585,cost,1049
586,parm,1048
587,pricey,1045
588,moved,1044
589,birthday,1041
590,crisp,1041
591,generous,1040
592,basil,1040
593,grab,1036
594,hut,1036
595,stuff,1032
596,outstanding,1030
597,ok.,1022
598,chip,1021
599,lasagna,1018
600,totally,1008
601,gyro,1006
602,forward,1003
603,early,1000
604,traditional,999
605,tap,998
606,hill,997
607,cash,997
608,credit,996
609,recommended,995
610,sorry,993
611,french,991
612,due,989
613,bottom,988
614,gelato,987
615,disappointing,983
616,butter,978
617,set,977
618,empty,975
619,frozen,974
620,mac,971
621,ton,971
622,etc,970
623,awful,968
624,truly,964
625,share,953
626,visiting,952
627,crowded,952
628,wall,951
629,eggplant,951
630,thanks,950
631,watch,946
632,ambiance,942
633,casual,940
634,including,940
635,summer,937
636,immediately,937
637,anywhere,937
638,kept,936
639,black,935
640,ravioli,935
641,based,935
642,gnocchi,930
643,serving,928
644,excited,928
645,pesto,924
646,grilled,924
647,miss,923
648,certainly,922
649,son,922
650,simply,919
651,vegetarian,917
652,incredible,917
653,daughter,916
654,tender,916
655,seen,914
656,papa,907
657,ball,907
658,picked,906
659,margherita,905
660,mediocre,902
661,taco,898
662,app,897
663,personal,897
664,within,895
665,lady,892
666,gem,892
667,sign,891
668,salty,888
669,exactly,885
670,lived,884
671,beautiful,883
672,hold,875
673,knew,874
674,dollar,872
675,roasted,872
676,opinion,870
677,cozy,869
678,ahead,868
679,stay,866
680,basically,865
681,mom,864
682,square,863
683,interesting,859
684,chocolate,855
685,word,855
686,yum,853
687,shared,853
688,event,852
689,park,852
690,mistake,851
691,outdoor,851
692,head,848
693,walking,848
694,middle,846
695,york,846
696,forgot,837
697,bowl,837
698,gotten,837
699,vibe,836
700,note,835
701,easily,835
702,idea,835
703,upon,834
704,dog,832
705,window,830
706,typical,830
707,overpriced,827
708,leftover,827
709,addition,827
710,noticed,827
711,visited,821
712,tasting,821
713,clearly,819
714,crowd,819
715,fairly,819
716,taken,817
717,filling,817
718,talk,813
719,strip,812
720,boy,807
721,classic,807
722,ohio,807
723,school,803
724,young,801
725,takeout,801
726,dip,801
727,building,800
728,pizzeria,800
729,closed,800
730,read,800
731,cup,798
732,management,798
733,multiple,796
734,changed,795
735,mine,795
736,tv,791
737,level,790
738,treat,790
739,true,789
740,draft,788
741,craving,787
742,brick,786
743,wedding,785
744,barely,785
745,sort,784
746,mouth,784
747,prefer,780
748,woman,780
749,buy,777
750,greeted,776
751,original,773
752,die,772
753,plan,771
754,fair,769
755,coffee,769
756,happened,765
757,finish,765
758,rating,765
759,mixed,760
760,fired,760
761,stand,757
762,write,752
763,domino,752
764,mention,751
765,beat,743
766,dirty,740
767,combination,738
768,mostly,736
769,lack,734
770,single,734
771,car,734
772,alfredo,731
773,ny,730
774,perfection,730
775,crunchy,723
776,ricotta,719
777,unless,718
778,hear,716
779,attitude,712
780,somewhere,712
781,returning,710
782,soda,709
783,hotel,707
784,tiny,704
785,value,703
786,anyway,703
787,filled,701
788,college,701
789,turned,699
790,seasoned,698
791,future,697
792,except,697
793,booth,697
794,talking,697
795,finished,696
796,mix,695
797,missing,695
798,sad,695
799,normally,692
800,calamari,692
801,whatever,691
802,question,690
803,weird,689
804,feeling,687
805,obviously,685
806,dine,685
807,picture,685
808,low,684
809,carry,683
810,case,682
811,rib,682
812,consistently,681
813,guest,679
814,corner,678
815,crazy,677
816,incredibly,677
817,recommendation,677
818,total,675
819,chose,673
820,hate,672
821,vegetable,671
822,paying,671
823,craft,670
824,buck,669
825,sicilian,668
826,worked,667
827,child,667
828,topped,666
829,salt,666
830,arugula,665
831,ian,664
832,byob,663
833,shot,662
834,john,660
835,pan,658
836,garden,657
837,limited,657
838,comfortable,649
839,dipping,649
840,pm,649
841,located,648
842,fabulous,648
843,artichoke,648
844,turn,647
845,margarita,647
846,afternoon,647
847,texture,647
848,update,646
849,calzones,645
850,south,644
851,matter,644
852,save,644
853,website,644
854,cute,643
855,forget,643
856,charged,642
857,touch,640
858,reasonably,640
859,monday,639
860,asking,639
861,seafood,639
862,beyond,636
863,creamy,635
864,basic,634
865,salmon,633
866,accommodating,631
867,view,630
868,grease,630
869,checked,629
870,supposed,629
871,fancy,628
872,attention,627
873,caesar,627
874,prosciutto,627
875,correct,625
876,showed,625
877,arrive,624
878,bean,623
879,expecting,622
880,expectation,621
881,product,621
882,none,620
883,perhaps,620
884,offering,619
885,covered,619
886,occasion,618
887,east,617
888,heavy,615
889,apparently,614
890,refill,611
891,usual,611
892,despite,609
893,spice,608
894,lemon,607
895,mile,607
896,normal,607
897,center,606
898,folk,606
899,honey,605
900,conversation,605
901,edge,605
902,fall,604
903,veal,604
904,considering,603
905,otherwise,601
906,phenomenal,600
907,avoid,599
908,crab,599
909,speak,598
910,suggest,596
911,thinking,592
912,sound,591
913,go-to,590
914,refund,589
915,smell,589
916,complain,587
917,lost,586
918,state,586
919,appreciate,586
920,answer,586
921,girlfriend,585
922,loaded,584
923,nearly,583
924,patron,582
925,negative,581
926,spend,580
927,eye,580
928,personally,580
929,dark,579
930,similar,579
931,waste,578
932,worker,578
933,gross,577
934,heart,576
935,worse,576
936,per,575
937,nearby,574
938,forever,573
939,noodle,573
940,lovely,571
941,kinda,570
942,road,570
943,tuesday,569
944,surprise,568
945,elsewhere,567
946,third,567
947,interior,566
948,pop,565
949,bun,563
950,yeah,560
951,banana,560
952,doughy,560
953,bag,560
954,pleased,559
955,owned,558
956,notch,558
957,spent,557
958,bathroom,557
959,polite,557
960,disappoint,554
961,alone,554
962,angelo,553
963,included,552
964,mess,551
965,cooking,545
966,flat,545
967,lover,542
968,tiramisu,541
969,brew,540
970,smaller,538
971,west,537
972,sent,536
973,calling,536
974,nicely,535
975,double,533
976,upstairs,533
977,request,533
978,blue,533
979,known,532
980,hidden,532
981,welcoming,530
982,seasoning,529
983,environment,529
984,undercooked,528
985,brewery,527
986,porch,527
987,fire,526
988,buffet,525
989,overly,524
990,hoping,521
991,consistent,521
992,wrap,520
993,brown,520
994,diner,518
995,paper,518
996,leaving,518
997,mentioned,517
998,prompt,516
999,anymore,514
1000,lobster,513
1001,play,512
1002,brother,512
1003,running,511
1004,north,510
1005,lacking,508
1006,lakewood,508
1007,panini,505
1008,using,504
1009,happen,503
1010,daily,503
1011,face,500
1012,continue,499
1013,bunch,496
1014,concept,496
1015,thursday,495
1016,parent,494
1017,company,493
1018,mood,492
1019,answered,491
1020,somewhat,491
1021,yesterday,491
1022,damn,490
1023,hang,487
1024,disappointment,487
1025,combo,487
1026,melted,486
1027,lol,485
1028,satisfied,484
1029,consider,484
1030,difficult,483
1031,recent,483
1032,tough,482
1033,sport,482
1034,la,480
1035,chair,480
1036,raw,478
1037,affordable,478
1038,odd,476
1039,likely,476
1040,become,476
1041,round,475
1042,dozen,474
1043,pas,472
1044,philly,471
1045,meet,471
1046,pleasantly,471
1047,mineo,471
1048,hair,470
1049,cider,470
1050,positive,470
1051,sprout,469
1052,larger,469
1053,opted,468
1054,possible,468
1055,comment,467
1056,student,467
1057,move,466
1058,hung,465
1059,fill,465
1060,higher,465
1061,goat,465
1062,ten,464
1063,pickup,464
1064,clear,462
1065,actual,462
1066,met,462
1067,inch,461
1068,zucchini,459
1069,complete,459
1070,shame,458
1071,decide,457
1072,opening,457
1073,typically,456
1074,watching,456
1075,seeing,452
1076,exceptional,451
1077,explained,450
1078,tea,450
1079,imagine,449
1080,suck,448
1081,greek,447
1082,pulled,447
1083,picky,447
1084,doubt,447
1085,zero,447
1086,heat,446
1087,suggestion,445
1088,convenient,444
1089,meh,444
1090,generally,444
1091,rock,443
1092,efficient,442
1093,balsamic,442
1094,grew,442
1095,feed,442
1096,feta,442
1097,situation,442
1098,welcome,441
1099,weather,441
1100,rush,441
1101,dont,441
1102,broccoli,440
1103,morning,440
1104,member,438
1105,step,437
1106,whenever,437
1107,willing,437
1108,sell,436
1109,support,436
1110,treated,435
1111,chunk,434
1112,mall,433
1113,sister,433
1114,six,433
1115,receive,432
1116,wide,432
1117,absolute,431
1118,fault,431
1119,disgusting,430
1120,rich,428
1121,straight,428
1122,american,427
1123,board,427
1124,block,427
1125,sized,426
1126,gourmet,426
1127,goodness,426
1128,moving,425
1129,wednesday,425
1130,ham,424
1131,figured,424
1132,market,424
1133,bother,423
1134,knowledgeable,422
1135,toasted,421
1136,ale,421
1137,tossed,420
1138,difference,420
1139,break,420
1140,popular,419
1141,bought,419
1142,honest,418
1143,checking,418
1144,standing,418
1145,napkin,417
1146,ridiculous,417
1147,surprisingly,416
1148,realized,415
1149,ring,413
1150,apps,412
1151,send,411
1152,reading,411
1153,donut,411
1154,turkey,410
1155,tasteless,410
1156,professional,410
1157,risotto,409
1158,drunk,409
1159,sliced,409
1160,overcooked,409
1161,throughout,409
1162,fix,407
1163,whether,406
1164,playing,405
1165,host,405
1166,wanting,404
1167,canned,404
1168,healthy,402
1169,agree,402
1170,experienced,401
1171,previous,401
1172,adult,401
1173,recipe,398
1174,returned,398
1175,additional,398
1176,apology,398
1177,mother,398
1178,god,397
1179,beverage,397
1180,pub,396
1181,helped,396
1182,giant,396
1183,neapolitan,395
1184,particularly,395
1185,strong,393
1186,kick,392
1187,story,392
1188,general,391
1189,compared,391
1190,sample,391
1191,balance,390
1192,pretzel,390
1193,awhile,389
1194,sadly,388
1195,notice,388
1196,cause,388
1197,realize,388
1198,club,387
1199,lake,387
1200,hey,387
1201,nacho,387
1202,earlier,386
1203,par,386
1204,penne,384
1205,smile,384
1206,extensive,383
1207,enjoyable,383
1208,excuse,383
1209,stated,382
1210,leaf,382
1211,baby,381
1212,quiet,381
1213,telling,379
1214,sense,379
1215,staple,379
1216,favor,379
1217,nyc,377
1218,container,377
1219,living,376
1220,creative,374
1221,system,374
1222,bigger,374
1223,closer,373
1224,omg,370
1225,cheesecake,369
1226,version,369
1227,stood,368
1228,provolone,368
1229,ran,368
1230,strange,367
1231,suggested,367
1232,delish,367
1233,toast,366
1234,spoke,366
1235,breaded,366
1236,separate,366
1237,hell,365
1238,dad,365
1239,il,365
1240,lamb,364
1241,drinking,364
1242,consistency,363
1243,fee,363
1244,discount,362
1245,serf,361
1246,mussel,361
1247,threw,361
1248,book,360
1249,na,360
1250,rare,359
1251,crunch,358
1252,burgh,358
1253,appreciated,357
1254,dive,356
1255,spectacular,355
1256,driving,355
1257,apologized,355
1258,fare,354
1259,stuck,354
1260,proper,353
1261,di,353
1262,informed,352
1263,mama,351
1264,blend,351
1265,wonder,351
1266,pickle,351
1267,fat,351
1268,explain,351
1269,stomach,350
1270,pricing,350
1271,promptly,350
1272,bright,349
1273,throw,349
1274,onto,349
1275,particular,348
1276,bj,348
1277,setting,347
1278,enjoying,347
1279,reminded,347
1280,fiori,347
1281,rate,346
1282,del,345
1283,modern,345
1284,passed,343
1285,lucky,342
1286,possibly,342
1287,plastic,342
1288,hardly,342
1289,requested,342
1290,build,342
1291,apple,340
1292,process,340
1293,impressive,340
1294,plentiful,339
1295,finding,339
1296,register,338
1297,address,338
1298,joke,338
1299,deluxe,338
1300,hype,337
1301,nickel,337
1302,caprese,336
1303,certain,336
1304,besides,336
1305,clam,336
1306,moment,336
1307,heaven,336
1308,station,336
1309,vodka,335
1310,juicy,335
1311,frequently,335
1312,take-out,335
1313,important,335
1314,machine,334
1315,frequent,334
1316,provided,333
1317,cardboard,333
1318,missed,332
1319,section,332
1320,hubby,331
1321,biggest,331
1322,cannoli,330
1323,dined,330
1324,needle,330
1325,chili,330
1326,hopefully,329
1327,admit,329
1328,knot,329
1329,ipa,329
1330,wisconsin,329
1331,fit,328
1332,sick,328
1333,refused,328
1334,air,327
1335,response,327
1336,candle,326
1337,flavorless,326
1338,platter,325
1339,bringing,325
1340,gift,325
1341,pool,325
1342,seasonal,324
1343,pita,324
1344,rice,323
1345,cherry,323
1346,downstairs,323
1347,alright,322
1348,oakland,322
1349,flatbread,321
1350,mary,321
1351,snack,321
1352,picking,320
1353,figure,320
1354,gravy,320
1355,sugar,320
1356,older,319
1357,putting,319
1358,somehow,318
1359,staying,318
1360,champaign,318
1361,mediterranean,318
1362,al,317
1363,inviting,317
1364,cafe,316
1365,courteous,315
1366,flight,314
1367,marsala,313
1368,river,313
1369,aside,311
1370,reviewer,310
1371,cheaper,310
1372,terrific,310
1373,appeared,310
1374,timely,310
1375,everywhere,310
1376,team,309
1377,major,309
1378,regret,309
1379,reminds,309
1380,bomb,309
1381,cauliflower,308
1382,sour,308
1383,ground,308
1384,campus,308
1385,melt,307
1386,country,307
1387,desert,307
1388,describe,307
1389,crap,307
1390,winter,306
1391,herb,306
1392,memory,305
1393,burned,305
1394,smoked,304
1395,fluffy,304
1396,edible,304
1397,cookie,304
1398,provide,304
1399,skip,304
1400,watched,302
1401,bloody,302
1402,gooey,302
1403,mark,302
1404,scallop,301
1405,ta,301
1406,freshly,301
1407,superb,300
1408,jet,300
1409,talked,300
1410,starter,300
1411,pineapple,300
1412,office,300
1413,fell,297
1414,mt,297
1415,handle,297
1416,downside,297
1417,stopping,296
1418,garbage,296
1419,sheet,296
1420,grill,296
1421,impression,296
1422,refreshing,296
1423,piping,296
1424,savory,296
1425,aiello,296
1426,hummus,296
1427,compare,295
1428,trust,295
1429,include,295
1430,messed,295
1431,danny,295
1432,prior,294
1433,chill,294
1434,drove,294
1435,finger,294
1436,hole,293
1437,famous,293
1438,corn,293
1439,cooky,292
1440,iceberg,292
1441,apart,291
1442,tad,291
1443,agreed,291
1444,class,290
1445,dewey,290
1446,shell,290
1447,term,290
1448,post,289
1449,funny,288
1450,closing,288
1451,among,288
1452,upset,287
1453,ketchup,287
1454,scene,285
1455,alcohol,285
1456,properly,285
1457,base,285
1458,bonus,283
1459,unlike,283
1460,beet,283
1461,2nd,281
1462,neither,281
1463,quaint,281
1464,cheesesteak,281
1465,example,281
1466,happens,281
1467,parma,281
1468,various,281
1469,smelled,281
1470,nut,280
1471,receipt,280
1472,roman,280
1473,satisfying,279
1474,detail,279
1475,email,279
1476,prime,279
1477,lacked,279
1478,listed,279
1479,sun,278
1480,eater,278
1481,confused,278
1482,dried,277
1483,layer,276
1484,gentleman,276
1485,allergy,275
1486,hint,275
1487,sounded,275
1488,relatively,275
1489,scratch,274
1490,inedible,274
1491,delightful,274
1492,upscale,274
1493,waitstaff,274
1494,ambience,273
1495,hawaiian,273
1496,carbonara,273
1497,photo,273
1498,forno,273
1499,starving,273
1500,caliente,272
1501,fork,272
1502,mild,272
1503,con,271
1504,presentation,270
1505,relaxed,270
1506,noisy,269
1507,regularly,269
1508,foot,269
1509,band,269
1510,truffle,268
1511,ratio,268
1512,eventually,268
1513,district,268
1514,stayed,268
1515,cashier,268
1516,effort,268
1517,bakery,267
1518,travel,267
1519,meeting,267
1520,thicker,267
1521,luckily,267
1522,decision,267
1523,nasty,267
1524,meant,266
1525,rave,266
1526,intimate,266
1527,range,266
1528,tuna,265
1529,anytime,265
1530,weekday,265
1531,cucumber,265
1532,luck,265
1533,proceeded,265
1534,feature,264
1535,brussel,264
1536,stromboli,264
1537,fruit,264
1538,mayo,263
1539,attempt,263
1540,christmas,263
1541,rooftop,263
1542,tend,262
1543,annoying,262
1544,cuisine,262
1545,ignored,262
1546,equally,262
1547,cover,261
1548,dropped,260
1549,catch,260
1550,im,260
1551,bake,259
1552,spread,259
1553,tot,259
1554,noise,259
1555,trouble,259
1556,bruschetta,259
1557,saucy,259
1558,pack,259
1559,hearty,259
1560,corporate,258
1561,locally,258
1562,grabbed,258
1563,oily,258
1564,patient,258
1565,cheddar,258
1566,writing,258
1567,allow,257
1568,mashed,256
1569,interested,255
1570,allowed,255
1571,bianca,255
1572,cinnamon,255
1573,vinaigrette,255
1574,temperature,255
1575,gf,255
1576,blaze,254
1577,mustard,254
1578,frank,253
1579,signature,253
1580,nobody,253
1581,tangy,252
1582,self,252
1583,individual,252
1584,became,252
1585,serious,251
1586,waffle,251
1587,secret,250
1588,movie,250
1589,inexpensive,250
1590,annoyed,250
1591,community,250
1592,supreme,250
1593,pitt,249
1594,begin,249
1595,def,249
1596,eatery,249
1597,gon,249
1598,via,248
1599,hanging,248
1600,peanut,248
1601,accommodate,248
1602,rigatoni,247
1603,aware,247
1604,mushy,246
1605,sold,246
1606,holy,246
1607,ample,246
1608,managed,246
1609,eats,246
1610,coke,246
1611,trendy,246
1612,wood-fired,245
1613,apologize,245
1614,adding,245
1615,sweetness,245
1616,tired,244
1617,manner,244
1618,pitcher,244
1619,thinner,243
1620,unprofessional,243
1621,key,243
1622,silverware,243
1623,grubhub,243
1624,orange,243
1625,boneless,243
1626,buttery,243
1627,drop,243
1628,opportunity,242
1629,personable,242
1630,hearing,242
1631,pro,242
1632,shredded,241
1633,california,240
1634,tray,240
1635,smoke,240
1636,breading,240
1637,site,240
1638,lower,240
1639,helping,239
1640,fig,239
1641,rocky,239
1642,laid,238
1643,contact,238
1644,biscotti,238
1645,period,237
1646,antonio,237
1647,antipasto,237
1648,create,237
1649,specifically,237
1650,didnt,236
1651,potential,236
1652,art,236
1653,result,236
1654,flavored,235
1655,pull,235
1656,towards,235
1657,winner,234
1658,discovered,234
1659,knowing,234
1660,juice,234
1661,strawberry,234
1662,closest,234
1663,following,233
1664,chopped,233
1665,w/,233
1666,patty,232
1667,spending,232
1668,remembered,232
1669,venue,232
1670,preference,232
1671,slider,231
1672,match,231
1673,garage,231
1674,season,231
1675,repeat,231
1676,pancake,231
1677,quantity,230
1678,highlight,230
1679,liking,230
1680,skimp,230
1681,balanced,230
1682,thrown,229
1683,gluten-free,229
1684,cheeseburger,229
1685,stone,229
1686,shopping,229
1687,count,229
1688,wheat,229
1689,thumb,229
1690,shit,229
1691,salami,229
1692,wild,229
1693,ya,229
1694,assume,228
1695,rarely,228
1696,lightly,228
1697,pile,228
1698,form,228
1699,ticket,228
1700,charred,227
1701,followed,227
1702,wedge,227
1703,shortly,227
1704,brings,227
1705,holiday,227
1706,description,227
1707,shocked,227
1708,curd,227
1709,numerous,227
1710,preferred,226
1711,coworkers,226
1712,non,226
1713,bud,226
1714,piccolo,226
1715,twist,226
1716,boring,226
1717,regardless,225
1718,search,225
1719,private,225
1720,desired,225
1721,breast,225
1722,lighting,225
1723,handful,225
1724,diet,224
1725,1st,224
1726,to-go,224
1727,bc,224
1728,distance,224
1729,handed,224
1730,rushed,223
1731,skin,223
1732,memorable,223
1733,paired,222
1734,planning,222
1735,degree,222
1736,starting,222
1737,anyways,221
1738,age,221
1739,sharing,221
1740,brutta,220
1741,chop,220
1742,correctly,220
1743,salsa,220
1744,relaxing,220
1745,deli,220
1746,cajun,219
1747,mad,219
1748,hurry,219
1749,moist,219
1750,slaw,219
1751,roast,219
1752,santa,219
1753,growing,218
1754,blown,218
1755,fully,218
1756,meaty,218
1757,darn,217
1758,basket,217
1759,parmigiana,217
1760,cavatelli,217
1761,keeping,217
1762,bolognese,217
1763,overwhelming,216
1764,chew,216
1765,bank,216
1766,mini,215
1767,constantly,215
1768,football,215
1769,poorly,214
1770,comfort,214
1771,depending,214
1772,snob,214
1773,basement,214
1774,spring,214
1775,stout,213
1776,naples,213
1777,wet,212
1778,learn,212
1779,impossible,212
1780,advice,212
1781,complaining,212
1782,slight,211
1783,benedict,211
1784,ceiling,211
1785,held,211
1786,emporio,211
1787,continued,211
1788,cracker,211
1789,fettuccine,210
1790,suppose,210
1791,romantic,210
1792,accept,210
1793,crave,210
1794,arcade,209
1795,learned,209
1796,joe,209
1797,catering,209
1798,weekly,209
1799,killer,209
1800,grocery,209
1801,includes,208
1802,thoroughly,208
1803,downhill,208
1804,watery,208
1805,co-worker,208
1806,avocado,208
1807,delivers,207
1808,union,207
1809,carrot,207
1810,dream,207
1811,color,207
1812,prepare,206
1813,fountain,206
1814,fly,206
1815,act,206
1816,vinegar,206
1817,sienna,206
1818,cooler,205
1819,lazy,205
1820,gorgonzola,205
1821,seitan,205
1822,win,205
1823,carryout,204
1824,geraci,204
1825,till,204
1826,father,204
1827,squash,204
1828,safe,204
1829,purchase,204
1830,compliment,203
1831,improve,203
1832,salvatore,203
1833,mezzo,203
1834,grandma,202
1835,nope,202
1836,height,202
1837,listen,202
1838,arancini,202
1839,partner,201
1840,dude,201
1841,tour,201
1842,cant,200
1843,headed,200
1844,described,200
1845,competition,200
1846,crappy,200
1847,ruined,200
1848,bet,200
1849,dead,200
1850,originally,199
1851,ive,199
1852,anchovy,198
1853,reheated,198
1854,overwhelmed,198
1855,unacceptable,198
1856,entrance,198
1857,jam,198
1858,liquor,197
1859,nicer,197
1860,pizzaiolo,197
1861,quoted,197
1862,restroom,197
1863,za,197
1864,brussels,196
1865,grub,196
1866,grape,196
1867,spacious,196
1868,classy,196
1869,massive,196
1870,cramped,196
1871,improved,196
1872,uncomfortable,196
1873,soooo,196
1874,rubbery,195
1875,final,194
1876,belly,194
1877,galley,194
1878,began,194
1879,hello,193
1880,asparagus,193
1881,claim,193
1882,rustic,193
1883,arrival,193
1884,apologetic,193
1885,village,192
1886,complained,191
1887,university,191
1888,training,191
1889,health,191
1890,passing,191
1891,caramelized,191
1892,companion,191
1893,directly,190
1894,pistachio,190
1895,nowhere,190
1896,unbelievable,190
1897,thrilled,190
1898,common,190
1899,detroit,190
1900,thankfully,190
1901,spak,190
1902,random,189
1903,award,189
1904,named,189
1905,thru,189
1906,lastly,188
1907,complimentary,188
1908,iced,188
1909,pleasure,188
1910,stale,187
1911,enter,187
1912,master,187
1913,st.,187
1914,sangria,187
1915,charm,187
1916,appetite,186
1917,warmer,186
1918,knife,186
1919,walnut,186
1920,brand,186
1921,sweeter,186
1922,present,186
1923,hipster,185
1924,san,185
1925,dressed,185
1926,changing,185
1927,cancel,185
1928,tater,185
1929,dianoia,184
1930,stellar,184
1931,acceptable,183
1932,sooo,183
1933,primanti,183
1934,airy,183
1935,wrapped,183
1936,mercurio,183
1937,raved,183
1938,load,183
1939,pound,183
1940,stumbled,183
1941,dj,183
1942,hip,183
1943,fiancé,182
1944,mercato,182
1945,promised,182
1946,posted,182
1947,tab,182
1948,inconsistent,182
1949,forgotten,182
1950,tony,182
1951,tavern,181
1952,jar,181
1953,terrace,181
1954,bella,181
1955,specific,181
1956,lukewarm,181
1957,hub,181
1958,anthony,181
1959,follow,181
1960,yelling,180
1961,brio,180
1962,greatest,180
1963,arrives,180
1964,kidding,180
1965,buca,180
1966,lately,180
1967,candy,180
1968,leg,180
1969,smooth,180
1970,rosemary,180
1971,confusing,179
1972,buddy,179
1973,akron,179
1974,lit,179
1975,men,179
1976,jalapeno,179
1977,concerned,179
1978,awkward,179
1979,vincent,179
1980,pride,178
1981,legit,178
1982,blah,178
1983,faster,177
1984,relax,177
1985,currently,177
1986,wise,177
1987,crew,177
1988,incorrect,176
1989,squirrel,176
1990,obvious,176
1991,lie,176
1992,dine-in,176
1993,screw,176
1994,penn,176
1995,speaking,176
1996,rom,175
1997,duck,175
1998,char,175
1999,appears,175
2000,beware,175
2001,judge,175
2002,sometime,175
2003,edison,175
2004,celebrate,174
2005,worry,174
2006,familiar,174
2007,appropriate,174
2008,occasionally,174
2009,adequate,174
2010,cle,174
2011,cafeteria,173
2012,plaza,173
2013,accurate,173
2014,bisque,173
2015,smoking,173
2016,delivering,173
2017,decorated,173
2018,palm,172
2019,bone,172
2020,dente,172
2021,presented,172
2022,improvement,172
2023,beginning,172
2024,neighbor,172
2025,placing,172
2026,sampler,172
2027,pint,172
2028,cento,171
2029,fellow,171
2030,pain,171
2031,bitter,171
2032,grumpy,171
2033,exact,171
2034,previously,171
2035,lucille,171
2036,entirely,171
2037,brisket,171
2038,oregano,171
2039,falafel,171
2040,atm,171
2041,neat,170
2042,advance,170
2043,according,170
2044,knock,170
2045,pa,170
2046,rule,170
2047,farm,170
2048,roof,170
2049,everyday,170
2050,sampled,170
2051,pastry,169
2052,advantage,169
2053,history,169
2054,blame,169
2055,deserve,169
2056,coast,169
2057,pic,168
2058,bottled,168
2059,tomorrow,168
2060,traffic,168
2061,milk,168
2062,finishing,168
2063,practically,168
2064,updated,168
2065,screen,168
2066,crusty,168
2067,advertised,167
2068,pot,167
2069,concert,167
2070,settled,167
2071,tho,167
2072,dance,166
2073,coleslaw,166
2074,former,166
2075,beto,166
2076,unlimited,166
2077,promise,166
2078,initially,166
2079,polenta,165
2080,apartment,165
2081,franchise,165
2082,heavenly,165
2083,rolled,164
2084,blow,164
2085,caught,164
2086,pit,164
2087,rated,164
2088,information,164
2089,respect,164
2090,pgh,164
2091,decade,164
2092,flake,164
2093,generic,164
2094,diverse,163
2095,dense,163
2096,loaf,163
2097,everybody,163
2098,trash,163
2099,hooked,163
2100,cleaning,163
2101,bf,163
2102,pour,162
2103,almond,162
2104,troll,162
2105,minimal,162
2106,hospital,162
2107,swear,162
2108,flour,162
2109,ownership,162
2110,calorie,162
2111,pumpkin,162
2112,control,162
2113,disappoints,161
2114,concern,161
2115,account,161
2116,deck,161
2117,hamburger,161
2118,warning,161
2119,sal,161
2120,row,161
2121,steep,161
2122,replied,160
2123,granted,160
2124,pick-up,160
2125,charming,160
2126,heck,160
2127,design,160
2128,cleaned,160
2129,milano,160
2130,id,160
2131,deserves,160
2132,page,159
2133,broken,159
2134,bed,159
2135,policy,159
2136,industry,159
2137,ridiculously,158
2138,earth,158
2139,failed,158
2140,cent,158
2141,layout,158
2142,arriving,158
2143,exception,158
2144,tight,157
2145,encountered,157
2146,eh,157
2147,straw,157
2148,mainly,157
2149,pair,157
2150,charcuterie,157
2151,crushed,157
2152,fav,157
2153,gorgeous,156
2154,wont,156
2155,loyal,156
2156,king,156
2157,carnivore,156
2158,essentially,156
2159,news,155
2160,subpar,155
2161,sloppy,155
2162,ginger,155
2163,raised,155
2164,coal,155
2165,wash,155
2166,foodie,155
2167,flag,155
2168,martini,155
2169,underwhelming,154
2170,ride,154
2171,heading,154
2172,chorizo,154
2173,traveling,154
2174,lawrenceville,154
2175,warned,154
2176,mickey,154
2177,estimated,154
2178,broth,154
2179,skeptical,154
2180,pickled,154
2181,enormous,154
2182,law,153
2183,played,153
2184,text,153
2185,pricy,153
2186,alternative,153
2187,considered,153
2188,pointed,153
2189,angry,153
2190,bothered,153
2191,messy,153
2192,satisfy,153
2193,chipotle,152
2194,thus,152
2195,easier,152
2196,minor,152
2197,humble,152
2198,garlicky,152
2199,direction,151
2200,cross,151
2201,quarter,151
2202,strike,151
2203,removed,151
2204,airport,151
2205,golden,151
2206,county,150
2207,comparable,150
2208,xl,150
2209,coworker,150
2210,tipped,150
2211,reuben,150
2212,ugh,150
2213,linguine,150
2214,whoever,150
2215,grampa,150
2216,wondering,150
2217,thats,150
2218,and/or,149
2219,personality,149
2220,giovanni,149
2221,assured,149
2222,divine,149
2223,searching,149
2224,terribly,149
2225,freshness,149
2226,truck,148
2227,crouton,148
2228,written,148
2229,skimpy,148
2230,root,148
2231,anniversary,148
2232,custom,148
2233,tremont,148
2234,delight,148
2235,3rd,147
2236,current,147
2237,angel,146
2238,blueberry,146
2239,national,146
2240,jersey,146
2241,theme,146
2242,deliciousness,146
2243,focus,146
2244,screwed,146
2245,spirit,145
2246,test,145
2247,welcomed,145
2248,brownie,145
2249,buying,145
2250,kale,145
2251,minus,144
2252,lemonade,144
2253,handled,144
2254,code,144
2255,lebanon,144
2256,appealing,144
2257,sum,144
2258,twenty,144
2259,happily,143
2260,minimum,143
2261,bell,143
2262,wasted,143
2263,parlor,143
2264,frustrating,143
2265,asylum,143
2266,btw,143
2267,wrote,143
2268,indeed,143
2269,factor,143
2270,heated,143
2271,answering,143
2272,saved,142
2273,federal,142
2274,tucked,142
2275,burn,142
2276,dinette,142
2277,sea,142
2278,speed,142
2279,ala,142
2280,espresso,142
2281,ziti,142
2282,fave,142
2283,remake,141
2284,overpowering,141
2285,error,141
2286,nutella,141
2287,romano,141
2288,grown,141
2289,amazingly,141
2290,importantly,140
2291,thickness,140
2292,beautifully,140
2293,refilled,140
2294,purchased,140
2295,thai,140
2296,poutine,140
2297,drizzle,140
2298,whiskey,140
2299,fiance,140
2300,freaking,140
2301,piled,140
2302,sparse,139
2303,blt,139
2304,cousin,139
2305,salted,139
2306,lounge,139
2307,brooklyn,139
2308,soaked,139
2309,hire,139
2310,kudos,139
2311,hr,139
2312,fyi,138
2313,marco,138
2314,sticky,138
2315,character,138
2316,happening,138
2317,frankly,138
2318,penny,138
2319,skill,138
2320,uber,138
2321,island,138
2322,sucked,138
2323,brioche,138
2324,weeknight,137
2325,angelos,137
2326,microwave,137
2327,understaffed,137
2328,rudely,137
2329,scoop,137
2330,map,137
2331,exciting,137
2332,aspect,136
2333,fireplace,136
2334,message,136
2335,moon,136
2336,asian,136
2337,broke,136
2338,mentor,136
2339,meaning,136
2340,honor,136
2341,dig,136
2342,tax,136
2343,chat,136
2344,indoor,135
2345,fridge,135
2346,drew,135
2347,porta,135
2348,showing,135
2349,whim,135
2350,watering,135
2351,cutting,135
2352,noted,135
2353,created,135
2354,overdone,135
2355,pink,135
2356,poured,135
2357,built,135
2358,younger,134
2359,rough,134
2360,mineos,134
2361,comparison,134
2362,entered,134
2363,insisted,134
2364,argue,134
2365,kill,134
2366,acted,134
2367,mike,134
2368,hurt,134
2369,alot,134
2370,convenience,134
2371,afraid,133
2372,worried,133
2373,falling,133
2374,approached,133
2375,sir,133
2376,pace,133
2377,acknowledged,133
2378,unable,133
2379,dairy,132
2380,featured,132
2381,a+,132
2382,groupon,132
2383,mule,132
2384,planned,132
2385,filthy,132
2386,jack,131
2387,introduced,131
2388,inconvenience,131
2389,sushi,131
2390,fashioned,131
2391,sale,131
2392,shift,131
2393,dante,131
2394,cancelled,131
2395,natural,131
2396,peak,131
2397,assuming,131
2398,screaming,131
2399,pudding,130
2400,fake,130
2401,whipped,130
2402,gas,130
2403,napoli,130
2404,sooner,130
2405,delectable,130
2406,subway,130
2407,jo,130
2408,macaroni,130
2409,benefit,130
2410,necessary,130
2411,barbecue,130
2412,trivia,130
2413,pear,130
2414,careful,130
2415,bleu,129
2416,draw,129
2417,female,129
2418,mozz,129
2419,genuine,129
2420,lose,129
2421,public,129
2422,ignore,129
2423,destination,129
2424,everytime,129
2425,us,129
2426,stupid,129
2427,washington,129
2428,entering,128
2429,sprinkled,128
2430,chuck,128
2431,bourbon,128
2432,dumpling,128
2433,receiving,128
2434,vanilla,128
2435,winning,128
2436,whatsoever,128
2437,tortilla,128
2438,so-so,128
2439,hometown,127
2440,scrumptious,127
2441,pep,127
2442,glove,127
2443,pizza-,127
2444,bistro,127
2445,fail,127
2446,utensil,127
2447,bos,127
2448,fool,127
2449,choosing,127
2450,syrup,126
2451,haha,126
2452,cared,126
2453,accompanied,126
2454,seven,126
2455,surrounding,126
2456,oz,126
2457,status,126
2458,industrial,126
2459,bloomfield,125
2460,battered,125
2461,spoiled,125
2462,bummer,125
2463,novanta,125
2464,therefore,125
2465,piccata,125
2466,fashion,125
2467,yelled,125
2468,voice,125
2469,unusual,124
2470,mexican,124
2471,nonetheless,124
2472,fixed,124
2473,stool,124
2474,runny,124
2475,consisted,124
2476,upper,124
2477,nick,124
2478,combined,124
2479,hudson,123
2480,superior,123
2481,fortunately,123
2482,tradition,123
2483,freezer,123
2484,wedgie,123
2485,gino,123
2486,raving,123
2487,overrated,123
2488,saving,123
2489,xyz,123
2490,6pm,123
2491,mod,123
2492,aioli,123
2493,letting,123
2494,reliable,123
2495,vero,123
2496,citizen,123
2497,premium,122
2498,brewing,122
2499,basis,122
2500,blackened,122
2501,rosati,122
2502,pig,122
2503,weak,122
2504,customize,122
2505,fold,122
2506,homey,122
2507,disaster,122
2508,fed,121
2509,unpleasant,121
2510,explanation,121
2511,filet,121
2512,earned,121
2513,ragu,121
2514,attached,121
2515,toss,121
2516,additionally,121
2517,yelpers,121
2518,appear,120
2519,celebration,120
2520,michael,120
2521,stair,120
2522,video,120
2523,reward,120
2524,ordinary,120
2525,volume,120
2526,track,120
2527,ai,120
2528,lackluster,120
2529,recall,120
2530,empanadas,120
2531,mellow,120
2532,assumed,120
2533,supper,120
2534,lead,120
2535,prairie,119
2536,crusted,119
2537,greet,119
2538,wished,119
2539,eight,119
2540,mia,119
2541,drinker,119
2542,burrata,119
2543,holding,119
2544,colleague,119
2545,raspberry,119
2546,dinning,119
2547,wear,119
2548,slide,119
2549,hockey,118
2550,echo,118
2551,uncle,118
2552,asks,118
2553,confirm,118
2554,preparation,118
2555,ideal,118
2556,route,118
2557,pancetta,118
2558,cow,118
2559,replaced,118
2560,gold,118
2561,desk,117
2562,burning,117
2563,eve,117
2564,deciding,117
2565,rd,117
2566,hundred,117
2567,politely,117
2568,police,117
2569,practice,117
2570,bus,117
2571,fox,116
2572,grand,116
2573,avenue,116
2574,midnight,116
2575,pizookie,116
2576,lively,116
2577,wtf,116
2578,de,116
2579,claimed,116
2580,limp,116
2581,wonderfully,115
2582,staffed,115
2583,carbs,115
2584,vocelli,115
2585,reputation,115
2586,purpose,115
2587,cheer,115
2588,institution,115
2589,packet,115
2590,pocket,115
2591,liter,115
2592,pen,115
2593,sam,115
2594,yay,115
2595,replacement,114
2596,ave,114
2597,surely,114
2598,manage,114
2599,confirmed,114
2600,provides,114
2601,facebook,114
2602,throwing,114
2603,acknowledge,114
2604,rotating,114
2605,uncooked,114
2606,punch,114
2607,responded,114
2608,crumb,114
2609,romeo,114
2610,underneath,114
2611,appearance,114
2612,native,114
2613,wearing,114
2614,select,114
2615,challenge,114
2616,condiment,113
2617,impress,113
2618,visitor,113
2619,pretentious,113
2620,handmade,113
2621,tortellini,113
2622,culinary,113
2623,cell,113
2624,cole,113
2625,monroeville,113
2626,record,113
2627,fight,113
2628,topper,113
2629,spiced,112
2630,chatting,112
2631,floppy,112
2632,cranberry,112
2633,nicest,112
2634,allows,112
2635,worthy,112
2636,pairing,112
2637,wasnt,112
2638,creme,112
2639,initial,112
2640,steel,112
2641,display,112
2642,grandmother,112
2643,ruin,112
2644,score,112
2645,frites,112
2646,english,112
2647,in-house,112
2648,hospitality,112
2649,supporting,112
2650,devoured,111
2651,stating,111
2652,shape,111
2653,steal,111
2654,fennel,111
2655,crumbled,111
2656,pure,111
2657,social,111
2658,afterwards,111
2659,jalapeño,111
2660,unfriendly,111
2661,reserved,111
2662,cod,111
2663,hence,110
2664,guessing,110
2665,http,110
2666,linguini,110
2667,nail,110
2668,shelly,110
2669,sight,110
2670,necessarily,110
2671,baking,110
2672,processed,110
2673,popped,110
2674,parked,110
2675,rub,110
2676,tall,110
2677,warmed,110
2678,pepsi,110
2679,smallman,110
2680,tuscan,109
2681,childhood,109
2682,selected,109
2683,lousy,109
2684,fryer,109
2685,cleared,109
2686,maple,109
2687,strongly,109
2688,butt,109
2689,carry-out,109
2690,insanely,109
2691,surprising,109
2692,cater,109
2693,frustrated,109
2694,blew,109
2695,song,109
2696,uno,109
2697,unfortunate,109
2698,michigan,108
2699,wan,108
2700,hoped,108
2701,accidentally,108
2702,clue,108
2703,declined,108
2704,lying,108
2705,deliciously,108
2706,mail,108
2707,smothered,108
2708,hat,108
2709,ensure,108
2710,smokey,108
2711,amazed,108
2712,remove,108
2713,background,108
2714,substitute,108
2715,lobby,108
2716,yuck,108
2717,genuinely,107
2718,refuse,107
2719,palate,107
2720,sunny,107
2721,columbus,107
2722,lighter,107
2723,sprinkle,107
2724,biscuit,107
2725,4th,107
2726,pea,107
2727,grated,107
2728,gripe,107
2729,delay,107
2730,department,107
2731,mixture,107
2732,microwaved,107
2733,curious,106
2734,forced,106
2735,shirt,106
2736,peach,106
2737,creation,106
2738,greeting,106
2739,p.s,106
2740,eager,106
2741,shaved,106
2742,chagrin,106
2743,noon,106
2744,st,106
2745,hassle,105
2746,splitting,105
2747,disappeared,105
2748,willoughby,105
2749,jupiter,105
2750,insane,105
2751,drawback,105
2752,bowling,105
2753,aka,105
2754,coconut,105
2755,lesson,105
2756,estimate,105
2757,wallet,105
2758,funghi,105
2759,spoonwood,104
2760,providing,104
2761,chunky,104
2762,9pm,104
2763,continues,104
2764,jerk,104
2765,freshest,104
2766,explaining,104
2767,greenbush,104
2768,manicotti,104
2769,alley,104
2770,attempted,104
2771,planet,103
2772,certificate,103
2773,occupied,103
2774,train,103
2775,enrico,103
2776,7pm,103
2777,frankie,103
2778,8pm,103
2779,underwhelmed,103
2780,drizzled,103
2781,contacted,103
2782,behavior,103
2783,venture,103
2784,tracker,103
2785,temp,103
2786,ounce,103
2787,decently,103
2788,comped,103
2789,regard,103
2790,exceeded,103
2791,courtyard,103
2792,pepe,102
2793,grinder,102
2794,hash,102
2795,becoming,102
2796,slammed,102
2797,nugget,102
2798,swimming,102
2799,report,102
2800,imo,102
2801,yell,102
2802,appeal,102
2803,spoon,102
2804,understanding,102
2805,majority,102
2806,um,102
2807,ill,102
2808,seed,102
2809,jojos,102
2810,sooooo,102
2811,reviewed,102
2812,vacation,101
2813,pathetic,101
2814,romaine,101
2815,boot,101
2816,shower,101
2817,shut,101
2818,grace,101
2819,info,101
2820,category,101
2821,google,101
2822,reach,101
2823,risk,101
2824,popper,101
2825,reheat,100
2826,butternut,100
2827,eclectic,100
2828,timing,100
2829,success,100
2830,replace,100
2831,exceptionally,100
2832,dipped,100
2833,metal,100
2834,led,100
2835,approach,100
2836,produce,100
2837,expanded,100
2838,hesitant,100
2839,doughnut,100
2840,olmsted,100
2841,hall,100
2842,aged,100
2843,lime,100
2844,assortment,100
2845,donatos,100
2846,lunchtime,100
2847,bob,100
2848,iron,100
2849,frill,100
2850,gladly,100
2851,dripping,100
2852,speciality,100
2853,praise,99
2854,remind,99
2855,pricier,99
2856,approximately,99
2857,trained,99
2858,cannolis,99
2859,magic,99
2860,clientele,99
2861,northeast,99
2862,fifteen,99
2863,artisan,99
2864,boxed,99
2865,brat,99
2866,couch,99
2867,miserable,98
2868,impeccable,98
2869,advised,98
2870,fond,98
2871,rip,98
2872,'em,98
2873,wooden,98
2874,payment,98
2875,hesitate,98
2876,path,98
2877,forest,98
2878,pirate,98
2879,exterior,98
2880,subtle,98
2881,required,98
2882,grabbing,98
2883,element,98
2884,complex,98
2885,bare,98
2886,inattentive,98
2887,organic,98
2888,spil,98
2889,charging,98
2890,toddler,98
2891,kink,98
2892,appetizing,98
2893,bug,98
2894,cleanliness,97
2895,tofu,97
2896,rotation,97
2897,natt,97
2898,drank,97
2899,bee,97
2900,greater,97
2901,sits,97
2902,tone,97
2903,caramel,97
2904,facility,97
2905,switch,97
2906,sucker,97
2907,kent,97
2908,bench,97
2909,berry,97
2910,memorial,97
2911,valentine,96
2912,celery,96
2913,guacamole,96
2914,proud,96
2915,shout,96
2916,attended,96
2917,jumbo,96
2918,kalamata,96
2919,prep,96
2920,smart,96
2921,glaze,96
2922,listening,96
2923,jimmy,96
2924,born,96
2925,wilted,96
2926,hangout,96
2927,downfall,95
2928,yellow,95
2929,jalapeños,95
2930,mmm,95
2931,ephesus,95
2932,bike,95
2933,tart,95
2934,blood,95
2935,varied,95
2936,entertainment,95
2937,instantly,95
2938,monster,95
2939,hi,95
2940,dated,95
2941,energy,95
2942,spotted,95
2943,factory,95
2944,bravo,95
2945,understandable,95
2946,corrected,95
2947,middleton,95
2948,decoration,95
2949,adorable,95
2950,boat,94
2951,omelet,94
2952,dealing,94
2953,outrageous,94
2954,repeatedly,94
2955,definite,94
2956,batter,94
2957,outer,94
2958,pecan,94
2959,bummed,94
2960,male,94
2961,justify,94
2962,southern,94
2963,firm,94
2964,adventurous,94
2965,capital,94
2966,maker,94
2967,tag,94
2968,crack,94
2969,comp,94
2970,corned,94
2971,stage,93
2972,opposed,93
2973,profile,93
2974,involved,93
2975,accepted,93
2976,resident,93
2977,quote,93
2978,'burgh,93
2979,acidic,93
2980,pale,93
2981,paisan,93
2982,sigh,93
2983,til,93
2984,advise,93
2985,obnoxious,93
2986,greatly,93
2987,idiot,93
2988,sauced,93
2989,selling,93
2990,flaky,93
2991,p.m.,93
2992,operation,93
2993,upgrade,92
2994,croissant,92
2995,crafted,92
2996,mass,92
2997,chicago-style,92
2998,guarantee,92
2999,unbelievably,92
3000,july,92
3001,visible,92
3002,human,92
3003,pre-made,92
3004,comfy,92
3005,laugh,92
3006,shaker,92
3007,understood,92
3008,smiling,91
3009,hop,91
3010,content,91
3011,smoky,91
3012,seemingly,91
3013,watered,91
3014,desire,91
3015,bubble,91
3016,tree,91
3017,overlook,91
3018,pizzazz,91
3019,commented,91
3020,suburb,91
3021,steelers,91
3022,zone,91
3023,chris,91
3024,computer,90
3025,ultimately,90
3026,repeated,90
3027,grade,90
3028,blast,90
3029,weight,90
3030,stack,90
3031,sidewalk,90
3032,sampling,90
3033,mill,90
3034,coat,90
3035,bogo,90
3036,conveniently,90
3037,dim,90
3038,duty,90
3039,albeit,90
3040,settle,90
3041,luke,90
3042,teenager,90
3043,biaggi,89
3044,maxi,89
3045,solon,89
3046,omelette,89
3047,blonde,89
3048,owns,89
3049,power,89
3050,stretch,89
3051,feedback,89
3052,browned,89
3053,vast,89
3054,rascal,89
3055,lame,89
3056,bianco,89
3057,cry,89
3058,array,89
3059,vinnie,89
3060,badly,89
3061,snow,89
3062,masthead,88
3063,jojo,88
3064,bado,88
3065,budget,88
3066,mr.,88
3067,chowder,88
3068,court,88
3069,whose,88
3070,cacio,88
3071,mound,88
3072,unhappy,88
3073,obsessed,88
3074,construction,88
3075,loudly,88
3076,house-made,88
3077,pastrami,88
3078,bjs,88
3079,edit,88
3080,connoisseur,88
3081,driven,88
3082,equal,88
3083,gathering,88
3084,confirmation,88
3085,unexpected,88
3086,i.e,88
3087,fatty,88
3088,luigi,88
3089,gracious,88
3090,slowly,88
3091,muffin,88
3092,shake,88
3093,picnic,88
3094,benny,87
3095,ability,87
3096,dislike,87
3097,forth,87
3098,overlooking,87
3099,corkage,87
3100,extraordinary,87
3101,lite,87
3102,aunt,87
3103,creek,87
3104,sexy,87
3105,valet,87
3106,field,87
3107,unassuming,87
3108,lil,87
3109,thanksgiving,87
3110,alla,87
3111,bagel,87
3112,inn,87
3113,anybody,87
3114,soo,87
3115,reserve,87
3116,regarding,86
3117,carb,86
3118,dina,86
3119,fourth,86
3120,pinball,86
3121,sub-par,86
3122,shadyside,86
3123,shine,86
3124,exposed,86
3125,circle,86
3126,florentine,86
3127,cheapest,86
3128,thin-crust,86
3129,opposite,85
3130,interaction,85
3131,lane,85
3132,supposedly,85
3133,avon,85
3134,church,85
3135,toward,85
3136,quesadilla,85
3137,nostalgia,85
3138,feast,85
3139,protein,85
3140,america,85
3141,neopolitan,85
3142,pissed,85
3143,monthly,85
3144,arm,85
3145,contained,85
3146,cornbread,85
3147,renovation,85
3148,turning,85
3149,convinced,85
3150,delicate,85
3151,tends,85
3152,advertise,85
3153,dormont,85
3154,knocked,84
3155,marinated,84
3156,stingy,84
3157,laughed,84
3158,belgian,84
3159,confusion,84
3160,medina,84
3161,pant,84
3162,accommodated,84
3163,package,84
3164,shoulder,84
3165,yr,84
3166,midwest,84
3167,land,84
3168,disrespectful,84
3169,toilet,84
3170,cpk,84
3171,cigarette,84
3172,capri,84
3173,program,84
3174,interest,84
3175,zesty,83
3176,wi,83
3177,component,83
3178,provision,83
3179,gigantic,83
3180,triple,83
3181,somebody,83
3182,sporting,83
3183,entrée,83
3184,mount,83
3185,quicker,83
3186,generously,83
3187,slid,83
3188,death,83
3189,mangia,83
3190,bay,83
3191,bucket,83
3192,access,83
3193,embarrassed,83
3194,happier,83
3195,celebrating,83
3196,setup,83
3197,oddly,83
3198,accident,82
3199,attractive,82
3200,illinois,82
3201,robinson,82
3202,defiantly,82
3203,pine,82
3204,i.,82
3205,rang,82
3206,booze,82
3207,towel,82
3208,debit,82
3209,cesar,82
3210,ipas,82
3211,newer,82
3212,competitor,82
3213,crocker,82
3214,body,82
3215,pino,82
3216,octopus,82
3217,hunt,82
3218,mimosa,82
3219,recommending,82
3220,stagioni,82
3221,luciano,82
3222,stock,82
3223,funky,82
3224,trick,82
3225,chic,82
3226,discover,82
3227,5pm,81
3228,curry,81
3229,reached,81
3230,rolling,81
3231,passable,81
3232,quattro,81
3233,yep,81
3234,tear,81
3235,caused,81
3236,baseball,81
3237,lamp,81
3238,el,81
3239,limit,81
3240,backed,81
3241,raise,81
3242,suspect,81
3243,mcdonald,81
3244,fear,81
3245,grit,81
3246,designed,81
3247,thanked,81
3248,10pm,80
3249,relative,80
3250,criticism,80
3251,bubbly,80
3252,inquired,80
3253,refunded,80
3254,co,80
3255,applied,80
3256,equivalent,80
3257,thinly,80
3258,graduation,80
3259,loving,80
3260,canceled,80
3261,sourdough,80
3262,adore,80
3263,wasting,80
3264,vintage,80
3265,outdated,80
3266,chinese,80
3267,remains,80
3268,complement,80
3269,mid,80
3270,da,80
3271,operated,80
3272,eastern,80
3273,intended,80
3274,harry,80
3275,clueless,80
3276,sticking,79
3277,steer,79
3278,speedy,79
3279,substantial,79
3280,booked,79
3281,cuz,79
3282,decadent,79
3283,downright,79
3284,amongst,79
3285,strongsville,79
3286,pushed,79
3287,drenched,79
3288,enjoys,79
3289,badamo,78
3290,lied,78
3291,bargain,78
3292,handling,78
3293,popcorn,78
3294,mango,78
3295,liberty,78
3296,central,78
3297,lorain,78
3298,significantly,78
3299,halfway,78
3300,catered,78
3301,freezing,78
3302,southside,78
3303,opt,78
3304,million,78
3305,communication,78
3306,walleye,78
3307,sriracha,78
3308,smallest,78
3309,valley,78
3310,marcos,78
3311,baklava,78
3312,extreme,78
3313,commercial,78
3314,torn,78
3315,diced,78
3316,dump,78
3317,patronize,78
3318,indian,78
3319,ripped,78
3320,swiss,78
3321,rain,78
3322,passion,78
3323,express,77
3324,focaccia,77
3325,stepped,77
3326,pinch,77
3327,demand,77
3328,winghart,77
3329,farmer,77
3330,beach,77
3331,combine,77
3332,dear,77
3333,baba,77
3334,cello,77
3335,florida,77
3336,sit-down,77
3337,remarkable,77
3338,explore,77
3339,moderately,77
3340,dropping,77
3341,slimy,77
3342,imported,77
3343,occasional,76
3344,nom,76
3345,focused,76
3346,tremendous,76
3347,aroma,76
3348,carried,76
3349,traveled,76
3350,rose,76
3351,teenage,76
3352,porter,76
3353,accent,76
3354,newly,76
3355,execution,76
3356,substitution,76
3357,seared,76
3358,perch,76
3359,gummy,76
3360,action,76
3361,silly,76
3362,thankful,76
3363,kicked,76
3364,pre,76
3365,grow,76
3366,cured,76
3367,surface,75
3368,joy,75
3369,spin,75
3370,marzano,75
3371,horrendous,75
3372,endless,75
3373,champagne,75
3374,knowledge,75
3375,yea,75
3376,melty,75
3377,patience,75
3378,coated,75
3379,mousse,75
3380,sober,75
3381,chatted,75
3382,western,75
3383,suit,75
3384,delighted,75
3385,hunger,75
3386,sarita,75
3387,villa,75
3388,remodeled,75
3389,blowing,75
3390,steamed,75
3391,heavily,75
3392,nervous,75
3393,statement,75
3394,trend,75
3395,inventive,75
3396,confit,75
3397,fluke,75
3398,dedicated,75
3399,surrounded,75
3400,soak,75
3401,bang,75
3402,rehearsal,75
3403,reviewing,75
3404,narrow,75
3405,executed,75
3406,mountain,74
3407,treatment,74
3408,poisoning,74
3409,speaks,74
3410,finest,74
3411,mint,74
3412,learning,74
3413,creating,74
3414,incompetent,74
3415,willy,74
3416,2am,74
3417,irritated,74
3418,braised,74
3419,pours,74
3420,uzbek,74
3421,disorganized,74
3422,dave,74
3423,mug,74
3424,chick,74
3425,pressed,73
3426,slower,73
3427,jukebox,73
3428,mario,73
3429,yorker,73
3430,fazio,73
3431,reminiscent,73
3432,rank,73
3433,television,73
3434,eddie,73
3435,5-star,73
3436,instruction,73
3437,tempted,73
3438,cuban,73
3439,euclid,73
3440,rack,73
3441,shaped,73
3442,resist,73
3443,updating,73
3444,meatloaf,73
3445,monte,73
3446,moscow,73
3447,loss,73
3448,4pm,73
3449,dying,73
3450,lent,73
3451,mahi,73
3452,horseradish,73
3453,highest,73
3454,source,73
3455,busier,73
3456,reply,73
3457,fucking,73
3458,allergic,73
3459,matteo,73
3460,tzatziki,73
3461,texas,73
3462,inform,73
3463,broasted,72
3464,tetto,72
3465,staring,72
3466,adventure,72
3467,variation,72
3468,successful,72
3469,beaten,72
3470,verona,72
3471,brunswick,72
3472,remade,72
3473,primarily,72
3474,epic,72
3475,horeb,72
3476,molly,72
3477,kay,72
3478,significant,72
3479,theater,72
3480,sake,72
3481,addictive,72
3482,elyria,72
3483,grain,72
3484,brie,72
3485,ahi,72
3486,ne,72
3487,asap,72
3488,anticipated,72
3489,'za,72
3490,overbearing,72
3491,latter,72
3492,whirl,72
3493,laughing,72
3494,niece,72
3495,horribly,72
3496,shitty,72
3497,oyster,72
3498,washing,71
3499,beppo,71
3500,rainy,71
3501,consumed,71
3502,proportion,71
3503,roommate,71
3504,distinct,71
3505,gal,71
3506,shoe,71
3507,max,71
3508,scale,71
3509,join,71
3510,hook,71
3511,icing,71
3512,passionate,71
3513,norm,71
3514,encourage,71
3515,schedule,71
3516,housemade,71
3517,spit,71
3518,sip,71
3519,tagliatelle,71
3520,featuring,71
3521,speck,71
3522,satisfaction,71
3523,indicated,71
3524,dash,70
3525,gateway,70
3526,sourced,70
3527,vinny,70
3528,shelf,70
3529,biga,70
3530,magical,70
3531,manger,70
3532,candied,70
3533,veg,70
3534,excessive,70
3535,slip,70
3536,schenley,70
3537,guilty,70
3538,stancato,70
3539,evenly,70
3540,unreal,70
3541,uh,70
3542,sock,70
3543,carefully,70
3544,cavs,70
3545,thirty,70
3546,dress,70
3547,matt,70
3548,chilled,70
3549,kindly,70
3550,monona,70
3551,dart,70
3552,complimented,70
3553,activity,69
3554,healthier,69
3555,anyhow,69
3556,pierogi,69
3557,pregnant,69
3558,entry,69
3559,liquid,69
3560,broadway,69
3561,taglio,69
3562,push,69
3563,carnegie,69
3564,paint,69
3565,pinot,69
3566,witnessed,69
3567,trio,69
3568,encounter,69
3569,forgetting,69
3570,entertaining,69
3571,switched,69
3572,preparing,69
3573,naturally,69
3574,hated,69
3575,sending,69
3576,basketball,69
3577,ending,68
3578,mm,68
3579,stuffing,68
3580,zeppe,68
3581,overlooked,68
3582,cleaner,68
3583,caper,68
3584,racist,68
3585,limoncello,68
3586,murray,68
3587,paste,68
3588,crispness,68
3589,storefront,68
3590,pleasing,68
3591,shady,68
3592,tom,68
3593,diavola,68
3594,atop,68
3595,disgusted,68
3596,sittoo,68
3597,priority,68
3598,lebo,68
3599,pet,68
3600,truth,68
3601,kavsar,68
3602,liar,68
3603,satisfactory,68
3604,upbeat,68
3605,barrel,68
3606,turkish,68
3607,brewed,67
3608,guido,67
3609,nunzio,67
3610,nine,67
3611,harsh,67
3612,mmmm,67
3613,quinoa,67
3614,rival,67
3615,consists,67
3616,chosen,67
3617,exist,67
3618,casey,67
3619,anna,67
3620,dissatisfied,67
3621,solely,67
3622,breeze,67
3623,hotdog,67
3624,fuss,67
3625,uw,67
3626,jump,67
3627,portioned,67
3628,someplace,67
3629,prize,67
3630,comforting,67
3631,spilled,67
3632,admittedly,67
3633,condescending,67
3634,related,67
3635,informative,67
3636,slab,67
3637,signed,67
3638,hopping,66
3639,cap,66
3640,top-notch,66
3641,organized,66
3642,diavolo,66
3643,manhattan,66
3644,presence,66
3645,license,66
3646,urban,66
3647,severely,66
3648,fuck,66
3649,monical,66
3650,communal,66
3651,deep-dish,66
3652,depends,66
3653,latest,66
3654,bros,66
3655,pappardelle,66
3656,blamed,66
3657,reception,66
3658,rid,66
3659,allowing,66
3660,kabob,66
3661,sarafino,66
3662,driftwood,66
3663,incorrectly,66
3664,gouda,66
3665,friendliest,66
3666,soul,66
3667,burrito,66
3668,dumped,66
3669,runner,66
3670,lisa,66
3671,glance,66
3672,unimpressed,66
3673,westlake,66
3674,scream,66
3675,function,66
3676,portobello,66
3677,bready,66
3678,adam,66
3679,capicola,66
3680,flyer,66
3681,engaging,66
3682,dust,65
3683,biased,65
3684,animal,65
3685,semi,65
3686,region,65
3687,accordingly,65
3688,fails,65
3689,fruity,65
3690,family-owned,65
3691,alike,65
3692,frequented,65
3693,reality,65
3694,cupcake,65
3695,deserved,65
3696,chianti,65
3697,summary,65
3698,officially,65
3699,afford,65
3700,bouncer,65
3701,ppl,65
3702,branch,65
3703,robust,65
3704,dug,65
3705,dietary,65
3706,harder,65
3707,proximity,65
3708,carrying,65
3709,ear,65
3710,constant,65
3711,questioned,65
3712,string,65
3713,hitting,65
3714,esquire,64
3715,shawarma,64
3716,décor,64
3717,brecksville,64
3718,fixing,64
3719,saltiness,64
3720,prop,64
3721,smashed,64
3722,inspired,64
3723,becomes,64
3724,quiche,64
3725,redeeming,64
3726,touched,64
3727,stress,64
3728,knowledgable,64
3729,asiago,64
3730,latte,64
3731,yuengling,64
3732,good-,64
3733,effect,64
3734,junk,64
3735,atrocious,64
3736,apply,64
3737,pierogies,64
3738,shall,64
3739,dolce,64
3740,dare,64
3741,flow,64
3742,argued,64
3743,unremarkable,64
3744,existed,64
3745,cilantro,63
3746,invited,63
3747,raf,63
3748,separately,63
3749,sautéed,63
3750,cappuccino,63
3751,enthusiastic,63
3752,competent,63
3753,instance,63
3754,stringy,63
3755,depth,63
3756,legacy,63
3757,rome,63
3758,warehouse,63
3759,grateful,63
3760,gesture,63
3761,warrant,63
3762,celiac,63
3763,conclusion,63
3764,sauteed,63
3765,complicated,63
3766,cabbage,63
3767,karaoke,63
3768,advertising,63
3769,irish,63
3770,pulling,63
3771,threadbare,63
3772,carson,63
3773,randomly,63
3774,museum,63
3775,batch,63
3776,ventured,62
3777,warn,62
3778,cuyahoga,62
3779,rudest,62
3780,infused,62
3781,splurge,62
3782,knee,62
3783,condition,62
3784,boiled,62
3785,web,62
3786,relationship,62
3787,eagle,62
3788,juliano,62
3789,addicting,62
3790,flying,62
3791,cat,62
3792,stranger,62
3793,quest,62
3794,inquire,62
3795,reflect,62
3796,ol,62
3797,poached,62
3798,underdone,62
3799,patiently,62
3800,stink,61
3801,nailed,61
3802,force,61
3803,elevator,61
3804,yard,61
3805,ad,61
3806,rushing,61
3807,language,61
3808,earn,61
3809,quit,61
3810,attending,61
3811,moderate,61
3812,cork,61
3813,inferno,61
3814,incident,61
3815,partial,61
3816,idk,61
3817,contrast,61
3818,struggle,61
3819,remain,61
3820,ranchero,61
3821,guaranteed,61
3822,chilly,61
3823,measure,61
3824,badger,61
3825,hazelnut,61
3826,yo,61
3827,bored,61
3828,township,61
3829,cultural,61
3830,rubber,61
3831,skinny,61
3832,press,61
3833,jambalaya,61
3834,league,61
3835,january,61
3836,miller,61
3837,remodel,61
3838,stocked,61
3839,wondered,61
3840,attack,61
3841,domestic,60
3842,generation,60
3843,packaged,60
3844,european,60
3845,mayfield,60
3846,client,60
3847,vary,60
3848,smoker,60
3849,dels,60
3850,wipe,60
3851,covering,60
3852,george,60
3853,thousand,60
3854,nephew,60
3855,yogurt,60
3856,virtually,60
3857,cloth,60
3858,sesame,60
3859,blended,60
3860,crispiness,60
3861,marked,60
3862,appropriately,60
3863,coating,60
3864,tastebud,60
3865,josh,60
3866,remained,60
3867,dang,59
3868,strictly,59
3869,frame,59
3870,turtle,59
3871,casa,59
3872,dimly,59
3873,goody,59
3874,antipasti,59
3875,pillow,59
3876,meanwhile,59
3877,cone,59
3878,acoustic,59
3879,countless,59
3880,em,59
3881,-the,59
3882,snap,59
3883,gionino,59
3884,abundance,59
3885,crispier,59
3886,gina,59
3887,understatement,59
3888,angie,59
3889,dill,59
3890,timer,59
3891,recognize,59
3892,intrigued,59
3893,indulge,59
3894,brookline,59
3895,bear,59
3896,treasure,59
3897,legendary,58
3898,harvest,58
3899,avoiding,58
3900,flavoring,58
3901,creativity,58
3902,fettuccini,58
3903,expand,58
3904,tacky,58
3905,oakmont,58
3906,nature,58
3907,swing,58
3908,habit,58
3909,thirsty,58
3910,overheard,58
3911,rabbit,58
3912,substance,58
3913,shown,58
3914,apologizing,58
3915,realizing,58
3916,standout,58
3917,calm,58
3918,immediate,58
3919,needing,58
3920,dan,58
3921,drunken,58
3922,listened,58
3923,growler,58
3924,internet,58
3925,lantern,58
3926,osteria,58
3927,complemented,58
3928,june,58
3929,falbo,58
3930,cheerful,58
3931,dumb,58
3932,concoction,58
3933,skipped,57
3934,reference,57
3935,triangle,57
3936,boston,57
3937,alba,57
3938,judging,57
3939,restriction,57
3940,teeth,57
3941,ranging,57
3942,v3,57
3943,ultimate,57
3944,august,57
3945,tang,57
3946,ave.,57
3947,extended,57
3948,dr,57
3949,hosted,57
3950,folded,57
3951,wowed,57
3952,link,57
3953,caring,57
3954,differently,57
3955,sinatra,57
3956,accessible,57
3957,skillet,57
3958,stare,57
3959,prob,57
3960,sans,57
3961,eat-in,57
3962,highway,57
3963,dirt,56
3964,fiesta,56
3965,rise,56
3966,lou,56
3967,insult,56
3968,flip,56
3969,losing,56
3970,remaining,56
3971,wheel,56
3972,plum,56
3973,tie,56
3974,crepe,56
3975,rum,56
3976,tricky,56
3977,borderline,56
3978,napoleon,56
3979,primavera,56
3980,ups,56
3981,plant,56
3982,fishy,56
3983,peppery,56
3984,flower,56
3985,exquisite,56
3986,partially,56
3987,reaction,56
3988,march,56
3989,roughly,56
3990,dancing,56
3991,beforehand,56
3992,lasagne,56
3993,puff,56
3994,suburban,56
3995,bethel,56
3996,sorrento,56
3997,gordon,56
3998,vs.,56
3999,lucci,56
4000,murrysville,56
4001,apparent,56
4002,unappetizing,56
4003,carafe,56
4004,nose,55
4005,addicted,55
4006,11pm,55
4007,beside,55
4008,vincenza,55
4009,tipping,55
4010,outdoors,55
4011,po,55
4012,garcia,55
4013,method,55
4014,parmigiano,55
4015,gin,55
4016,stole,55
4017,rialto,55
4018,valentino,55
4019,questionable,55
4020,unsure,55
4021,tavola,55
4022,russian,55
4023,player,55
4024,courtesy,55
4025,sink,55
4026,compensation,55
4027,palermo,55
4028,physically,55
4029,doughboy,55
4030,exotic,55
4031,foil,55
4032,rapini,55
4033,ignoring,55
4034,ryan,55
4035,breaking,55
4036,utterly,55
4037,styrofoam,55
4038,bird,55
4039,fritter,55
4040,forgettable,55
4041,sage,54
4042,pennsylvania,54
4043,cornmeal,54
4044,smiled,54
4045,supply,54
4046,dusted,54
4047,attend,54
4048,gm,54
4049,rounded,54
4050,boar,54
4051,grande,54
4052,counted,54
4053,banquet,54
4054,etc.,54
4055,scramble,54
4056,tile,54
4057,ah,54
4058,5th,54
4059,lb,54
4060,cheat,54
4061,pouring,54
4062,lean,54
4063,hand-tossed,54
4064,bustling,54
4065,gratuity,54
4066,jean,54
4067,image,54
4068,squeeze,54
4069,creekside,54
4070,bold,54
4071,evident,54
4072,au,54
4073,peperoni,54
4074,overpowered,54
4075,expert,54
4076,fab,54
4077,tooth,54
4078,fetalicious,54
4079,reduction,53
4080,1am,53
4081,johnny,53
4082,mentioning,53
4083,bothering,53
4084,adjacent,53
4085,popping,53
4086,bump,53
4087,clothes,53
4088,nj,53
4089,transaction,53
4090,doc,53
4091,poster,53
4092,wishing,53
4093,tune,53
4094,breath,53
4095,cast,53
4096,festival,53
4097,conference,53
4098,directed,53
4099,co.,53
4100,nevertheless,53
4101,late-night,53
4102,december,53
4103,merely,53
4104,athens,53
4105,teen,53
4106,smoothly,53
4107,responsible,53
4108,grandpa,53
4109,desperate,53
4110,joking,52
4111,friendliness,52
4112,stacked,52
4113,increase,52
4114,teresa,52
4115,russo,52
4116,tongue,52
4117,alcoholic,52
4118,colorful,52
4119,model,52
4120,dealt,52
4121,notte,52
4122,elegant,52
4123,doordash,52
4124,fioris,52
4125,vault,52
4126,definately,52
4127,avoided,52
4128,denied,52
4129,stared,52
4130,kindness,52
4131,citrus,52
4132,upgraded,52
4133,admitted,52
4134,renovated,52
4135,proof,52
4136,underrated,52
4137,b/c,52
4138,october,52
4139,washed,52
4140,plank,52
4141,costumer,52
4142,beauty,52
4143,squid,52
4144,mush,52
4145,ignorant,51
4146,e.,51
4147,unnecessary,51
4148,resolved,51
4149,powder,51
4150,touching,51
4151,cube,51
4152,modest,51
4153,arguing,51
4154,posting,51
4155,belt,51
4156,peeve,51
4157,clove,51
4158,blvd,51
4159,pastoli,51
4160,clock,51
4161,scattered,51
4162,scott,51
4163,shock,51
4164,hide,51
4165,joined,51
4166,diamond,51
4167,rotten,51
4168,uneven,51
4169,zeppes,51
4170,t-shirt,51
4171,security,51
4172,radius,51
4173,nightmare,51
4174,critical,51
4175,northern,51
4176,november,51
4177,parsley,51
4178,yelper,51
4179,ballantine,51
4180,suddenly,51
4181,furniture,51
4182,historic,51
4183,yikes,50
4184,fighting,50
4185,struggled,50
4186,tourist,50
4187,polish,50
4188,wifi,50
4189,mandy,50
4190,peroni,50
4191,crossing,50
4192,survive,50
4193,flagged,50
4194,spotty,50
4195,catching,50
4196,ringing,50
4197,compelled,50
4198,munchies,50
4199,comfortably,50
4200,isnt,50
4201,scarce,50
4202,wake,50
4203,refrigerator,50
4204,glorious,50
4205,culture,50
4206,buzz,50
4207,genius,50
4208,acting,50
4209,smelling,50
4210,softer,50
4211,james,50
4212,upside,50
4213,connected,50
4214,lip,50
4215,sliver,50
4216,stadium,50
4217,brewhouse,50
4218,completed,50
4219,versus,50
4220,bar/restaurant,50
4221,guide,50
4222,easter,49
4223,med,49
4224,premise,49
4225,addressed,49
4226,cracked,49
4227,resturant,49
4228,bridgeville,49
4229,gosh,49
4230,respond,49
4231,ashamed,49
4232,rectify,49
4233,challenging,49
4234,tequila,49
4235,preface,49
4236,c'mon,49
4237,forza,49
4238,mystery,49
4239,hangover,49
4240,scheduled,49
4241,independent,49
4242,delayed,49
4243,searched,49
4244,biting,49
4245,simplicity,49
4246,retro,49
4247,beloved,49
4248,ease,49
4249,scampi,49
4250,sharp,49
4251,irwin,49
4252,storm,49
4253,print,49
4254,lentil,49
4255,brilliant,49
4256,copy,49
4257,steaming,49
4258,teriyaki,49
4259,piss,49
4260,library,49
4261,goose,49
4262,chile,49
4263,disagree,49
4264,treating,48
4265,warmly,48
4266,themed,48
4267,bizarre,48
4268,rye,48
4269,aesthetic,48
4270,tillie,48
4271,soooooo,48
4272,altogether,48
4273,trumbull,48
4274,task,48
4275,bing,48
4276,clarify,48
4277,gps,48
4278,2pm,48
4279,brian,48
4280,aurora,48
4281,aladdin,48
4282,crostini,48
4283,chalk,48
4284,voted,48
4285,outing,48
4286,sever,48
4287,divey,48
4288,tasteful,48
4289,fortunate,48
4290,esp,48
4291,wherever,48
4292,situated,48
4293,northside,48
4294,louis,48
4295,network,48
4296,comparing,48
4297,dp,48
4298,puffy,48
4299,belief,48
4300,hoppy,48
4301,capitol,48
4302,overload,48
4303,sunnyside,48
4304,cheesesteaks,48
4305,nostalgic,48
4306,solution,48
4307,magazine,48
4308,couldnt,48
4309,bridge,48
4310,prove,47
4311,grille,47
4312,lugar,47
4313,glowing,47
4314,affair,47
4315,promising,47
4316,succulent,47
4317,shabby,47
4318,thoughtful,47
4319,spoken,47
4320,ribeye,47
4321,abundant,47
4322,rrbc,47
4323,tummy,47
4324,biagio,47
4325,sliding,47
4326,struck,47
4327,alive,47
4328,neck,47
4329,misleading,47
4330,absurd,47
4331,dragon,47
4332,stall,47
4333,chickpea,47
4334,mcdonalds,47
4335,doesnt,47
4336,expertly,47
4337,drowning,47
4338,kicker,47
4339,floating,47
4340,wave,47
4341,default,47
4342,intense,47
4343,dull,47
4344,tempting,47
4345,solo,47
4346,direct,47
4347,deter,47
4348,huh,47
4349,home-made,47
4350,steve,47
4351,lord,47
4352,lay,47
4353,farmhouse,47
4354,authenticity,47
4355,cassata,47
4356,fancier,47
4357,dingy,47
4358,substituted,47
4359,mortar,46
4360,automatically,46
4361,confident,46
4362,thier,46
4363,spiciness,46
4364,youth,46
4365,sing,46
4366,war,46
4367,hmmm,46
4368,soy,46
4369,technically,46
4370,oriented,46
4371,cutlet,46
4372,meantime,46
4373,upcharge,46
4374,lump,46
4375,organization,46
4376,desperately,46
4377,unpretentious,46
4378,beg,46
4379,customized,46
4380,spare,46
4381,rowdy,46
4382,perk,46
4383,butcher,46
4384,nerve,46
4385,ridge,46
4386,friendlier,46
4387,indication,46
4388,april,46
4389,fewer,46
4390,artist,46
4391,recognized,46
4392,ac,46
4393,quirky,46
4394,soccer,46
4395,reported,46
4396,embarrassing,46
4397,bumped,46
4398,burg,46
4399,frustration,46
4400,navigate,46
4401,rossi,46
4402,sounding,46
4403,snag,46
4404,mojito,46
4405,anxious,46
4406,chaotic,46
4407,guessed,46
4408,hefty,46
4409,energetic,46
4410,mildly,46
4411,backyard,45
4412,build-your-own,45
4413,tastiest,45
4414,lotsa,45
4415,pillowy,45
4416,innovative,45
4417,pide,45
4418,locked,45
4419,angelina,45
4420,jus,45
4421,ciabatta,45
4422,accompaniment,45
4423,title,45
4424,dissapointed,45
4425,macaroon,45
4426,drag,45
4427,boast,45
4428,crostata,45
4429,a-ok,45
4430,pretend,45
4431,faves,45
4432,ginormous,45
4433,tail,45
4434,seek,45
4435,salsiccia,45
4436,salumi,45
4437,compensate,45
4438,ur,45
4439,europe,45
4440,hero,45
4441,mural,45
4442,nestled,45
4443,arrogant,45
4444,brag,45
4445,off-putting,45
4446,false,45
4447,overloaded,45
4448,sammy,45
4449,beard,45
4450,it-,45
4451,arrangement,45
4452,milkshake,45
4453,disappear,45
4454,stiff,45
4455,y'all,45
4456,creepy,45
4457,critic,45
4458,volleyball,45
4459,digress,45
4460,existent,45
4461,stow,45
4462,pass,45
4463,molto,45
4464,rione,45
4465,safety,45
4466,bass,44
4467,jumped,44
4468,saturated,44
4469,steeler,44
4470,figuring,44
4471,ashley,44
4472,lemony,44
4473,hilarious,44
4474,brushed,44
4475,exit,44
4476,fifth,44
4477,pa.,44
4478,amber,44
4479,queso,44
4480,curly,44
4481,accompany,44
4482,pomodoro,44
4483,resolve,44
4484,rudeness,44
4485,tempura,44
4486,layered,44
4487,ians,44
4488,sunset,44
4489,specialize,44
4490,pecorino,44
4491,justice,44
4492,radar,44
4493,havent,44
4494,chaos,44
4495,converted,44
4496,inconsistency,44
4497,tastier,44
4498,campiti,44
4499,fallen,44
4500,caveat,44
4501,succeed,44
4502,crumbles,44
4503,excitement,44
4504,listing,44
4505,worthwhile,44
4506,slathered,44
4507,farinacci,44
4508,drowned,44
4509,rat,44
4510,yolk,44
4511,hood,44
4512,hole-in-the-wall,44
4513,capacity,44
4514,premade,44
4515,promotion,44
4516,appalled,44
4517,guard,44
4518,label,43
4519,francisco,43
4520,hosting,43
4521,painted,43
4522,bro,43
4523,leading,43
4524,individually,43
4525,larry,43
4526,cop,43
4527,dime,43
4528,secondly,43
4529,exploring,43
4530,worn,43
4531,clerk,43
4532,length,43
4533,labor,43
4534,contest,43
4535,unhealthy,43
4536,powdered,43
4537,sarah,43
4538,trail,43
4539,facing,43
4540,sugary,43
4541,over-priced,43
4542,steady,43
4543,broadview,43
4544,convention,43
4545,arguably,43
4546,discus,43
4547,discussion,43
4548,high-quality,43
4549,loyalty,43
4550,hog,43
4551,non-chain,43
4552,lava,43
4553,proved,43
4554,associate,43
4555,military,43
4556,sticker,43
4557,coupled,43
4558,hiring,43
4559,feeding,43
4560,regretted,43
4561,portabella,43
4562,intend,42
4563,lifetime,42
4564,garibaldi,42
4565,abv,42
4566,beta,42
4567,refilling,42
4568,mascarpone,42
4569,wiped,42
4570,largest,42
4571,escape,42
4572,produced,42
4573,accustomed,42
4574,crawl,42
4575,sammich,42
4576,betos,42
4577,food-,42
4578,monicals,42
4579,amy,42
4580,urbana,42
4581,elbow,42
4582,wandered,42
4583,require,42
4584,o'clock,42
4585,oreo,42
4586,golf,42
4587,resembled,42
4588,government,42
4589,decline,42
4590,accompanying,42
4591,clearing,42
4592,carte,42
4593,attempting,42
4594,godfather,42
4595,noticeable,42
4596,sauerkraut,42
4597,babcock,42
4598,shade,42
4599,baltimore,42
4600,grad,42
4601,continually,42
4602,southwest,42
4603,gather,42
4604,novelty,42
4605,heinz,42
4606,fixture,42
4607,bye,42
4608,nipper,42
4609,alongside,42
4610,printed,42
4611,soap,42
4612,crumbly,42
4613,fitchburg,42
4614,legend,42
4615,plethora,42
4616,slop,42
4617,token,42
4618,offensive,42
4619,rosa,42
4620,3pm,42
4621,masterpiece,42
4622,behold,42
4623,formal,42
4624,mare,42
4625,sp,42
4626,tim,42
4627,consumer,42
4628,primantis,42
4629,notified,42
4630,bier,42
4631,introduce,42
4632,alex,42
4633,antipasta,42
4634,shy,42
4635,silver,42
4636,darker,42
4637,compete,42
4638,aftertaste,41
4639,chart,41
4640,sophisticated,41
4641,research,41
4642,marie,41
4643,bene,41
4644,complementary,41
4645,unreasonable,41
4646,celebrated,41
4647,vibrant,41
4648,puddle,41
4649,dc,41
4650,tied,41
4651,vehicle,41
4652,shortage,41
4653,hmm,41
4654,cutter,41
4655,possibility,41
4656,entrées,41
4657,driveway,41
4658,sweat,41
4659,goal,41
4660,mobile,41
4661,wound,41
4662,proceed,41
4663,stressed,41
4664,grandparent,41
4665,appointment,41
4666,uninspired,41
4667,wit,41
4668,6th,41
4669,sketchy,41
4670,ding,41
4671,race,41
4672,circumstance,41
4673,veteran,41
4674,revisit,41
4675,pushing,41
4676,roomy,41
4677,interrupted,41
4678,angela,41
4679,magnificent,41
4680,dreaming,41
4681,swore,41
4682,ii,41
4683,tomori,41
4684,imitation,41
4685,errand,41
4686,oozing,41
4687,forty,41
4688,honesty,41
4689,porky,41
4690,toasty,41
4691,died,41
4692,formaggi,41
4693,freakin,41
4694,zip,41
4695,darren,41
4696,cab,41
4697,11am,41
4698,voicemail,41
4699,25th,41
4700,kebab,41
4701,italiano,41
4702,devour,41
4703,bitch,41
4704,killing,40
4705,butler,40
4706,biggie,40
4707,exchange,40
4708,heartbeat,40
4709,carpet,40
4710,wexford,40
4711,flimsy,40
4712,sufficient,40
4713,aj,40
4714,signage,40
4715,demanded,40
4716,pressure,40
4717,imho,40
4718,suffer,40
4719,acidity,40
4720,expansive,40
4721,ripe,40
4722,bursting,40
4723,pnc,40
4724,unexpectedly,40
4725,mozzerella,40
4726,puppy,40
4727,instagram,40
4728,sandwhich,40
4729,weigh,40
4730,redeem,40
4731,reader,40
4732,mayonnaise,40
4733,vote,40
4734,crostatas,40
4735,fresca,40
4736,zest,40
4737,married,40
4738,teach,40
4739,dope,40
4740,hollandaise,40
4741,assure,40
4742,heaping,40
4743,resulted,40
4744,maintain,40
4745,interact,40
4746,plump,40
4747,oregon,40
4748,asshole,40
4749,yeasty,40
4750,naked,40
4751,bada,40
4752,howie,40
4753,brief,40
4754,recieved,40
4755,killed,40
4756,tommy,40
4757,breaker,40
4758,contamination,40
4759,gut,40
4760,vega,40
4761,redfin,40
4762,trek,40
4763,bound,40
4764,danielle,40
4765,samosky,40
4766,robert,40
4767,knocking,40
4768,steam,40
4769,taker,40
4770,customizable,40
4771,shore,40
4772,exaggeration,39
4773,marina,39
4774,pollo,39
4775,humor,39
4776,prevent,39
4777,dick,39
4778,manolo,39
4779,eat24,39
4780,aiellos,39
4781,occurred,39
4782,quieter,39
4783,transplant,39
4784,chalkboard,39
4785,lager,39
4786,bagged,39
4787,lid,39
4788,speaker,39
4789,shareable,39
4790,established,39
4791,gray,39
4792,remotely,39
4793,argument,39
4794,moroccan,39
4795,blind,39
4796,yeti,39
4797,session,39
4798,sleep,39
4799,awkwardly,39
4800,hay,39
4801,brain,39
4802,canadian,39
4803,hustle,39
4804,elderly,39
4805,penguin,39
4806,sorta,39
4807,nonexistent,39
4808,hands-down,39
4809,bufala,39
4810,luncheon,39
4811,great-,39
4812,adjust,39
4813,mortadella,39
4814,consisting,39
4815,engaged,39
4816,doused,39
4817,colossal,39
4818,ron,39
4819,guac,39
4820,hospitable,39
4821,tribe,39
4822,chewing,39
4823,waterfront,39
4824,dunno,39
4825,raining,39
4826,century,39
4827,performance,39
4828,jazz,39
4829,loose,39
4830,milwaukee,39
4831,clevelander,39
4832,umbrella,39
4833,whiz,39
4834,italian-american,39
4835,cerino,39
4836,cannelloni,39
4837,unbeatable,39
4838,largely,39
4839,waitlist,39
4840,tartar,39
4841,competitive,39
4842,benedum,38
4843,spicier,38
4844,percent,38
4845,plane,38
4846,void,38
4847,georgio,38
4848,annoyance,38
4849,byo,38
4850,beechview,38
4851,strict,38
4852,moisture,38
4853,entertained,38
4854,rent,38
4855,duh,38
4856,maintained,38
4857,sturdy,38
4858,overcharged,38
4859,philadelphia,38
4860,stuffy,38
4861,ben,38
4862,judgement,38
4863,disrespect,38
4864,timed,38
4865,verdict,38
4866,legitimately,38
4867,tin,38
4868,rocked,38
4869,mere,38
4870,hovering,38
4871,painting,38
4872,crammed,38
4873,turbo,38
4874,emily,38
4875,escarole,38
4876,convince,38
4877,murphy,38
4878,jason,38
4879,failure,38
4880,responsive,38
4881,stumble,38
4882,neon,38
4883,urge,38
4884,lined,38
4885,consume,38
4886,exists,38
4887,increased,38
4888,hopeful,38
4889,grandson,38
4890,disclosure,38
4891,busiest,38
4892,intention,38
4893,inconvenient,38
4894,colored,38
4895,flash,38
4896,cooled,38
4897,sola,38
4898,camp,38
4899,sparkling,38
4900,inappropriate,38
4901,screamed,38
4902,vaccaro,38
4903,cordial,38
4904,separated,38
4905,mission,38
4906,amateur,38
4907,attraction,38
4908,mold,38
4909,respectable,38
4910,panera,38
4911,creates,38
4912,conditioning,38
4913,brassacre,38
4914,pictured,38
4915,varies,38
4916,unaware,38
4917,custard,38
4918,zing,38
4919,shannon,38
4920,soupy,38
4921,consideration,38
4922,slam,38
4923,primo,38
4924,virginia,38
4925,pad,38
4926,casserole,38
4927,heater,37
4928,fest,37
4929,iconic,37
4930,bellino,37
4931,relish,37
4932,attest,37
4933,radio,37
4934,disease,37
4935,garnish,37
4936,pierogis,37
4937,forgive,37
4938,scary,37
4939,dangerous,37
4940,impatient,37
4941,warming,37
4942,counting,37
4943,genoa,37
4944,shrugged,37
4945,heirloom,37
4946,bulldog,37
4947,inexperienced,37
4948,arsenal,37
4949,jim,37
4950,c-u,37
4951,homestead,37
4952,explosion,37
4953,evoo,37
4954,queen,37
4955,expense,37
4956,rim,37
4957,champaign-urbana,37
4958,regional,37
4959,drastically,37
4960,drug,37
4961,rear,37
4962,verde,37
4963,burst,37
4964,rotate,37
4965,longest,37
4966,responsibility,37
4967,barley,37
4968,artwork,37
4969,gym,37
4970,memorabilia,37
4971,sincerely,37
4972,towner,37
4973,collection,37
4974,hotter,37
4975,donato,37
4976,closely,37
4977,drawn,37
4978,flowing,37
4979,straightforward,37
4980,luca,37
4981,aforementioned,37
4982,potentially,37
4983,swirl,37
4984,forbes,37
4985,rely,37
4986,expressed,37
4987,overwhelmingly,37
4988,high-end,37
4989,bruno,37
4990,oak,37
4991,monroe,37
4992,rep,37
4993,journey,37
4994,abysmal,37
4995,pittsburg,37
4996,perspective,37
4997,miracle,37
4998,broad,37
4999,fanatic,37
5000,broccolini,37
5001,unapologetic,37
5002,communicate,37
5003,ink,37
5004,matched,37
5005,bust,36
5006,sicily,36
5007,ugly,36
5008,tow,36
5009,youngest,36
5010,border,36
5011,descent,36
5012,clever,36
5013,scallion,36
5014,sheer,36
5015,s.,36
5016,twelve,36
5017,giordano,36
5018,alert,36
5019,rocco,36
5020,doctor,36
5021,nonsense,36
5022,caution,36
5023,in-law,36
5024,designated,36
5025,monkey,36
5026,managing,36
5027,w.,36
5028,partake,36
5029,loft,36
5030,proscuitto,36
5031,kosher,36
5032,unorganized,36
5033,well-done,36
5034,headache,36
5035,boo,36
5036,insulting,36
5037,spotless,36
5038,dock,36
5039,slap,36
5040,freak,36
5041,requires,36
5042,cobb,36
5043,german,36
5044,slightest,36
5045,warmth,36
5046,elevated,36
5047,wouldnt,36
5048,reopened,36
5049,wed,36
5050,scam,36
5051,gate,36
5052,bros.,36
5053,artisanal,36
5054,fresher,36
5055,cordon,36
5056,fame,36
5057,rt,36
5058,violation,36
5059,korean,36
5060,sudden,36
5061,debate,36
5062,millvale,36
5063,scenery,36
5064,restaurant/bar,36
5065,assist,36
5066,hesitation,36
5067,wind,36
5068,diablo,36
5069,study,36
5070,pat,36
5071,horrid,35
5072,shoppe,35
5073,singing,35
5074,chewiness,35
5075,sundae,35
5076,graciously,35
5077,ghost,35
5078,mighty,35
5079,malnati,35
5080,nino,35
5081,hectic,35
5082,mancini,35
5083,outta,35
5084,uniquely,35
5085,gritty,35
5086,digiorno,35
5087,hts,35
5088,strength,35
5089,shoot,35
5090,squeezed,35
5091,buttered,35
5092,corking,35
5093,brewpub,35
5094,collect,35
5095,//www.youtube.com/watch,35
5096,claiming,35
5097,mmmmm,35
5098,crossed,35
5099,insalata,35
5100,flop,35
5101,odor,35
5102,baguette,35
5103,santo,35
5104,severe,35
5105,flavour,35
5106,discounted,35
5107,mac-n-cheese,35
5108,patronage,35
5109,glory,35
5110,napoletana,35
5111,dr.,35
5112,ross,35
5113,formed,35
5114,old-school,35
5115,overnight,35
5116,franco,35
5117,unseasoned,35
5118,pasquale,35
5119,episode,35
5120,newest,35
5121,causing,35
5122,arranged,35
5123,scared,35
5124,tolerate,35
5125,filler,35
5126,stix,35
5127,pete,35
5128,twinsburg,35
5129,peppercorn,35
5130,accepting,35
5131,lap,35
5132,los,35
5133,belong,35
5134,boom,35
5135,twin,35
5136,requesting,35
5137,venice,35
5138,adrian,35
5139,1pm,35
5140,surly,35
5141,assembly,35
5142,noticing,35
5143,cabernet,35
5144,akin,35
5145,bulk,35
5146,france,35
5147,tablecloth,35
5148,professionalism,35
5149,shipwreck,35
5150,fooled,35
5151,seeking,35
5152,peter,35
5153,peace,35
5154,fingerling,35
5155,horrific,35
5156,expanding,35
5157,referred,35
5158,spell,35
5159,difficulty,35
5160,remedy,35
5161,haunt,35
5162,kicking,35
5163,spelling,34
5164,fontina,34
5165,dino,34
5166,fence,34
5167,shack,34
5168,rob,34
5169,glazed,34
5170,non-existent,34
5171,tire,34
5172,distributed,34
5173,remodeling,34
5174,karen,34
5175,highland,34
5176,foul,34
5177,ramp,34
5178,thee,34
5179,pronto,34
5180,minded,34
5181,spongy,34
5182,juke,34
5183,staffing,34
5184,infamous,34
5185,aisle,34
5186,shipped,34
5187,wee,34
5188,displayed,34
5189,3am,34
5190,math,34
5191,well-seasoned,34
5192,pal,34
5193,detailed,34
5194,silence,34
5195,savor,34
5196,skipping,34
5197,ish,34
5198,messing,34
5199,foundation,34
5200,tournament,34
5201,brulee,34
5202,nashville,34
5203,profit,34
5204,intolerant,34
5205,identical,34
5206,soppressata,34
5207,coma,34
5208,unimpressive,34
5209,micro,34
5210,hallway,34
5211,non-pizza,34
5212,film,34
5213,position,34
5214,gioninos,34
5215,button,34
5216,on-line,34
5217,sweetest,34
5218,frosting,34
5219,locate,34
5220,italia,34
5221,crime,34
5222,velvet,34
5223,intrusive,34
5224,ship,34
5225,specified,34
5226,guidos,34
5227,catena,34
5228,mendota,34
5229,letter,34
5230,cu,34
5231,senior,34
5232,united,34
5233,purely,34
5234,lactose,34
5235,greeter,34
5236,remark,34
5237,summertime,34
5238,chandelier,34
5239,distinctive,34
5240,dispenser,34
5241,nowait,34
5242,sbarro,34
5243,shouting,34
5244,patrick,34
5245,atleast,34
5246,goodbye,34
5247,horror,34
5248,nightly,34
5249,perry,33
5250,logo,33
5251,conscious,33
5252,horse,33
5253,check-in,33
5254,buzzing,33
5255,gnocci,33
5256,sand,33
5257,sorely,33
5258,berea,33
5259,rubbed,33
5260,exclusively,33
5261,perfectta,33
5262,remembering,33
5263,mirror,33
5264,mixing,33
5265,eighth,33
5266,upsetting,33
5267,noteworthy,33
5268,actively,33
5269,louder,33
5270,hankering,33
5271,creaminess,33
5272,captain,33
5273,hyped,33
5274,castle,33
5275,strangely,33
5276,luscious,33
5277,critique,33
5278,download,33
5279,unsanitary,33
5280,stolen,33
5281,sh,33
5282,skimped,33
5283,technique,33
5284,digging,33
5285,contains,33
5286,sun-dried,33
5287,turnover,33
5288,frisch,33
5289,dusting,33
5290,refer,33
5291,buyer,33
5292,gianna,33
5293,heavier,33
5294,low-key,33
5295,visually,33
5296,supermarket,33
5297,experiencing,33
5298,owe,33
5299,purse,33
5300,lee,33
5301,bday,33
5302,ceasar,33
5303,s'mores,33
5304,bat,33
5305,distracted,33
5306,neighboring,33
5307,palette,33
5308,carol,33
5309,kevin,33
5310,allergen,33
5311,someday,33
5312,army,33
5313,melissa,33
5314,garfield,33
5315,reccomend,33
5316,intriguing,33
5317,foldable,33
5318,cranky,33
5319,antica,33
5320,tattoo,33
5321,disclaimer,33
5322,cleanest,33
5323,smoothy,33
5324,freeze,33
5325,reheats,33
5326,noir,33
5327,flair,32
5328,frequenting,32
5329,threatening,32
5330,science,32
5331,nite,32
5332,milanese,32
5333,unsatisfied,32
5334,connection,32
5335,cheesey,32
5336,september,32
5337,trump,32
5338,unlikely,32
5339,homeless,32
5340,farther,32
5341,payed,32
5342,faith,32
5343,manti,32
5344,marketing,32
5345,zeppole,32
5346,family-friendly,32
5347,project,32
5348,luster,32
5349,applebee,32
5350,petty,32
5351,favorable,32
5352,slim,32
5353,carmelized,32
5354,artery,32
5355,biz,32
5356,imagined,32
5357,defense,32
5358,notable,32
5359,suited,32
5360,gun,32
5361,enthusiasm,32
5362,tossing,32
5363,munch,32
5364,lunch/dinner,32
5365,hiccup,32
5366,nah,32
5367,junior,32
5368,mouthwatering,32
5369,retail,32
5370,woke,32
5371,harlow,32
5372,boyardee,32
5373,umm,32
5374,whip,32
5375,absent,32
5376,finely,32
5377,neglected,32
5378,february,32
5379,unhelpful,32
5380,describing,32
5381,theory,32
5382,sanitary,32
5383,labeled,32
5384,dab,32
5385,grove,32
5386,sara,32
5387,happiness,32
5388,spot-on,32
5389,drooling,32
5390,user,32
5391,skimping,32
5392,suffice,32
5393,a/c,32
5394,suggesting,32
5395,depressing,32
5396,diameter,32
5397,fairness,32
5398,texting,32
5399,mate,32
5400,playoff,32
5401,fist,32
5402,vendor,32
5403,santos,32
5404,yinzer,32
5405,westside,32
5406,excess,32
5407,ironically,32
5408,identify,31
5409,verify,31
5410,unfamiliar,31
5411,concrete,31
5412,observed,31
5413,supervisor,31
5414,efficiently,31
5415,indoors,31
5416,marble,31
5417,breadcrumb,31
5418,roberto,31
5419,van,31
5420,explains,31
5421,purchasing,31
5422,vine,31
5423,appreciation,31
5424,legitimate,31
5425,cottage,31
5426,emailed,31
5427,clump,31
5428,delightfully,31
5429,reflected,31
5430,npl,31
5431,x-large,31
5432,marotta,31
5433,flawless,31
5434,abo,31
5435,ole,31
5436,tenderloin,31
5437,fitting,31
5438,aspinwall,31
5439,whats,31
5440,net,31
5441,grapefruit,31
5442,target,31
5443,nicole,31
5444,sainatos,31
5445,scrambled,31
5446,crisped,31
5447,landmark,31
5448,dismissive,31
5449,jealous,31
5450,favs,31
5451,scotch,31
5452,flame,31
5453,offended,31
5454,laden,31
5455,angeles,31
5456,ex,31
5457,coin,31
5458,mocha,31
5459,oops,31
5460,veltre,31
5461,bumping,31
5462,flourless,31
5463,dollop,31
5464,edgar,31
5465,allen,31
5466,bridal,31
5467,pittsburgher,31
5468,polished,31
5469,oversized,31
5470,a.m.,31
5471,pepperoncini,31
5472,vomit,31
5473,aggressive,31
5474,inclined,31
5475,remainder,31
5476,pleaser,31
5477,reaching,31
5478,hangry,31
5479,lengthy,31
5480,greenpointer,31
5481,bocce,31
5482,dragged,31
5483,rabe,31
5484,deceiving,31
5485,togo,31
5486,shorter,31
5487,shockingly,31
5488,virgin,31
5489,dipietro,31
5490,hiding,31
5491,jj,31
5492,2x,31
5493,definition,31
5494,iceburg,31
5495,cucina,31
5496,debated,31
5497,hopped,31
5498,respectful,31
5499,rachel,31
5500,stressful,31
5501,hired,31
5502,reflects,31
5503,sirloin,31
5504,halloween,31
5505,afterward,31
5506,toscana,31
5507,uniform,31
5508,grouper,31
5509,hunk,31
5510,devouring,31
5511,divided,31
5512,nutty,31
